Date,^GDAXI,^GSPC,^N225
2019-01-02,10580.1904296875,2510.030029296875,
2019-01-03,10416.66015625,2447.889892578125,
2019-01-04,10767.6904296875,2531.93994140625,19561.9609375
2019-01-07,10747.8095703125,2549.68994140625,20038.970703125
2019-01-08,10803.98046875,2574.409912109375,20204.0390625
2019-01-09,10893.3203125,2584.9599609375,20427.060546875
2019-01-10,10921.58984375,2596.639892578125,20163.80078125
2019-01-11,10887.4599609375,2596.260009765625,20359.69921875
2019-01-14,10855.91015625,2582.610107421875,
2019-01-15,10891.7900390625,2610.300048828125,20555.2890625
2019-01-16,10931.240234375,2616.10009765625,20442.75
2019-01-17,10918.6201171875,2635.9599609375,20402.26953125
2019-01-18,11205.5400390625,2670.7099609375,20666.0703125
2019-01-21,11136.2001953125,,20719.330078125
2019-01-22,11090.1103515625,2632.89990234375,20622.91015625
2019-01-23,11071.5400390625,2638.699951171875,20593.720703125
2019-01-24,11130.1796875,2642.330078125,20574.630859375
2019-01-25,11281.7900390625,2664.760009765625,20773.560546875
2019-01-28,11210.3095703125,2643.85009765625,20649.0
2019-01-29,11218.830078125,2640.0,20664.640625
2019-01-30,11181.66015625,2681.050048828125,20556.5390625
2019-01-31,11173.099609375,2704.10009765625,20773.490234375
2019-02-01,11180.66015625,2706.530029296875,20788.390625
2019-02-04,11176.580078125,2724.8701171875,20883.76953125
2019-02-05,11367.98046875,2737.699951171875,20844.44921875
2019-02-06,11324.7197265625,2731.610107421875,20874.060546875
2019-02-07,11022.01953125,2706.050048828125,20751.279296875
2019-02-08,10906.7802734375,2707.8798828125,20333.169921875
2019-02-11,11014.58984375,2709.800048828125,
2019-02-12,11126.080078125,2744.72998046875,20864.2109375
2019-02-13,11167.2197265625,2753.030029296875,21144.48046875
2019-02-14,11089.7900390625,2745.72998046875,21139.7109375
2019-02-15,11299.7998046875,2775.60009765625,20900.630859375
2019-02-18,11299.2001953125,,21281.849609375
2019-02-19,11309.2099609375,2779.760009765625,21302.650390625
2019-02-20,11401.9697265625,2784.699951171875,21431.490234375
2019-02-21,11423.2802734375,2774.8798828125,21464.23046875
2019-02-22,11457.7001953125,2792.669921875,21425.509765625
2019-02-25,11505.3896484375,2796.110107421875,21528.23046875
2019-02-26,11540.7900390625,2793.89990234375,21449.390625
2019-02-27,11487.330078125,2792.3798828125,21556.509765625
2019-02-28,11515.6396484375,2784.489990234375,21385.16015625
2019-03-01,11601.6796875,2803.68994140625,21602.689453125
2019-03-04,11592.66015625,2792.81005859375,21822.0390625
2019-03-05,11620.740234375,2789.64990234375,21726.279296875
2019-03-06,11587.6298828125,2771.449951171875,21596.810546875
2019-03-07,11517.7998046875,2748.929931640625,21456.009765625
2019-03-08,11457.83984375,2743.070068359375,21025.560546875
2019-03-11,11543.48046875,2783.300048828125,21125.08984375
2019-03-12,11524.169921875,2791.52001953125,21503.689453125
2019-03-13,11572.41015625,2810.919921875,21290.240234375
2019-03-14,11587.4697265625,2808.47998046875,21287.01953125
2019-03-15,11685.6904296875,2822.47998046875,21450.849609375
2019-03-18,11657.0595703125,2832.93994140625,21584.5
2019-03-19,11788.41015625,2832.570068359375,21566.849609375
2019-03-20,11603.8896484375,2824.22998046875,21608.919921875
2019-03-21,11549.9599609375,2854.8798828125,
2019-03-22,11364.169921875,2800.7099609375,21627.33984375
2019-03-25,11346.650390625,2798.360107421875,20977.109375
2019-03-26,11419.48046875,2818.4599609375,21428.390625
2019-03-27,11419.0400390625,2805.3701171875,21378.73046875
2019-03-28,11428.16015625,2815.43994140625,21033.759765625
2019-03-29,11526.0400390625,2834.39990234375,21205.810546875
2019-04-01,11681.990234375,2867.18994140625,21509.029296875
2019-04-02,11754.7900390625,2867.239990234375,21505.310546875
2019-04-03,11954.400390625,2873.39990234375,21713.2109375
2019-04-04,11988.009765625,2879.389892578125,21724.94921875
2019-04-05,12009.75,2892.739990234375,21807.5
2019-04-08,11963.400390625,2895.77001953125,21761.650390625
2019-04-09,11850.5703125,2878.199951171875,21802.58984375
2019-04-10,11905.91015625,2888.2099609375,21687.5703125
2019-04-11,11935.2001953125,2888.320068359375,21711.380859375
2019-04-12,11999.9296875,2907.409912109375,21870.560546875
2019-04-15,12020.2802734375,2905.580078125,22169.109375
2019-04-16,12101.3203125,2907.06005859375,22221.66015625
2019-04-17,12153.0703125,2900.449951171875,22277.970703125
2019-04-18,12222.3896484375,2905.030029296875,22090.119140625
2019-04-19,,,22200.560546875
2019-04-22,,2907.969970703125,22217.900390625
2019-04-23,12235.509765625,2933.679931640625,22259.740234375
2019-04-24,12313.16015625,2927.25,22200.0
2019-04-25,12282.599609375,2926.169921875,22307.580078125
2019-04-26,12315.1796875,2939.8798828125,22258.73046875
2019-04-29,12328.01953125,2943.030029296875,
2019-04-30,12344.080078125,2945.830078125,
2019-05-01,,2923.72998046875,
2019-05-02,12345.419921875,2917.52001953125,
2019-05-03,12412.75,2945.639892578125,
2019-05-06,12286.8798828125,2932.469970703125,
2019-05-07,12092.740234375,2884.050048828125,21923.720703125
2019-05-08,12179.9296875,2879.419921875,21602.58984375
2019-05-09,11973.919921875,2870.719970703125,21402.130859375
2019-05-10,12059.830078125,2881.39990234375,21344.919921875
2019-05-13,11876.650390625,2811.8701171875,21191.279296875
2019-05-14,11991.6201171875,2834.409912109375,21067.23046875
2019-05-15,12099.5703125,2850.9599609375,21188.560546875
2019-05-16,12310.3701171875,2876.320068359375,21062.98046875
2019-05-17,12238.9404296875,2859.530029296875,21250.08984375
2019-05-20,12041.2900390625,2840.22998046875,21301.73046875
2019-05-21,12143.4697265625,2864.360107421875,21272.44921875
2019-05-22,12168.740234375,2856.27001953125,21283.369140625
2019-05-23,11952.41015625,2822.239990234375,21151.140625
2019-05-24,12011.0400390625,2826.06005859375,21117.220703125
2019-05-27,12071.1796875,,21182.580078125
2019-05-28,12027.0498046875,2802.389892578125,21260.140625
2019-05-29,11837.8095703125,2783.02001953125,21003.369140625
2019-05-30,11902.080078125,2788.860107421875,20942.529296875
2019-05-31,11726.83984375,2752.06005859375,20601.189453125
2019-06-03,11792.8095703125,2744.449951171875,20410.880859375
2019-06-04,11971.169921875,2803.27001953125,20408.5390625
2019-06-05,11980.8095703125,2826.14990234375,20776.099609375
2019-06-06,11953.1396484375,2843.489990234375,20774.0390625
2019-06-07,12045.3798828125,2873.340087890625,20884.7109375
2019-06-10,,2886.72998046875,21134.419921875
2019-06-11,12155.8095703125,2885.719970703125,21204.279296875
2019-06-12,12115.6796875,2879.840087890625,21129.720703125
2019-06-13,12169.0498046875,2891.639892578125,21032.0
2019-06-14,12096.400390625,2886.97998046875,21116.890625
2019-06-17,12085.8203125,2889.669921875,21124.0
2019-06-18,12331.75,2917.75,20972.7109375
2019-06-19,12308.5302734375,2926.4599609375,21333.869140625
2019-06-20,12355.3896484375,2954.179931640625,21462.859375
2019-06-21,12339.919921875,2950.4599609375,21258.640625
2019-06-24,12274.5703125,2945.35009765625,21285.990234375
2019-06-25,12228.4404296875,2917.3798828125,21193.810546875
2019-06-26,12245.3203125,2913.780029296875,21086.58984375
2019-06-27,12271.0302734375,2924.919921875,21338.169921875
2019-06-28,12398.7998046875,2941.760009765625,21275.919921875
2019-07-01,12521.3798828125,2964.330078125,21729.970703125
2019-07-02,12526.7197265625,2973.010009765625,21754.26953125
2019-07-03,12616.240234375,2995.820068359375,21638.16015625
2019-07-04,12629.900390625,,21702.44921875
2019-07-05,12568.5302734375,2990.409912109375,21746.380859375
2019-07-08,12543.509765625,2975.949951171875,21534.349609375
2019-07-09,12436.5498046875,2979.6298828125,21565.150390625
2019-07-10,12373.41015625,2993.070068359375,21533.48046875
2019-07-11,12332.1201171875,2999.909912109375,21643.529296875
2019-07-12,12323.3203125,3013.77001953125,21685.900390625
2019-07-15,12387.33984375,3014.300048828125,
2019-07-16,12430.9697265625,3004.0400390625,21535.25
2019-07-17,12341.0302734375,2984.419921875,21469.1796875
2019-07-18,12227.849609375,2995.110107421875,21046.240234375
2019-07-19,12260.0703125,2976.610107421875,21466.990234375
2019-07-22,12289.400390625,2985.030029296875,21416.7890625
2019-07-23,12490.740234375,3005.469970703125,21620.880859375
2019-07-24,12522.8896484375,3019.56005859375,21709.5703125
2019-07-25,12362.099609375,3003.669921875,21756.55078125
2019-07-26,12419.900390625,3025.860107421875,21658.150390625
2019-07-29,12417.4697265625,3020.969970703125,21616.80078125
2019-07-30,12147.240234375,3013.179931640625,21709.310546875
2019-07-31,12189.0400390625,2980.3798828125,21521.529296875
2019-08-01,12253.150390625,2953.56005859375,21540.990234375
2019-08-02,11872.4404296875,2932.050048828125,21087.16015625
2019-08-05,11658.509765625,2844.739990234375,20720.2890625
2019-08-06,11567.9599609375,2881.77001953125,20585.310546875
2019-08-07,11650.150390625,2883.97998046875,20516.560546875
2019-08-08,11845.41015625,2938.090087890625,20593.349609375
2019-08-09,11693.7998046875,2918.64990234375,20684.8203125
2019-08-12,11679.6796875,2882.699951171875,
2019-08-13,11750.1298828125,2926.320068359375,20455.439453125
2019-08-14,11492.66015625,2840.60009765625,20655.130859375
2019-08-15,11412.669921875,2847.60009765625,20405.650390625
2019-08-16,11562.740234375,2888.679931640625,20418.810546875
2019-08-19,11715.3701171875,2923.64990234375,20563.16015625
2019-08-20,11651.1796875,2900.510009765625,20677.220703125
2019-08-21,11802.849609375,2924.429931640625,20618.5703125
2019-08-22,11747.0400390625,2922.949951171875,20628.009765625
2019-08-23,11611.509765625,2847.110107421875,20710.91015625
2019-08-26,11658.0400390625,2878.3798828125,20261.0390625
2019-08-27,11730.01953125,2869.159912109375,20456.080078125
2019-08-28,11701.01953125,2887.93994140625,20479.419921875
2019-08-29,11838.8798828125,2924.580078125,20460.9296875
2019-08-30,11939.2802734375,2926.4599609375,20704.369140625
2019-09-02,11953.7802734375,,20620.189453125
2019-09-03,11910.8603515625,2906.27001953125,20625.16015625
2019-09-04,12025.0400390625,2937.780029296875,20649.140625
2019-09-05,12126.7802734375,2976.0,21085.939453125
2019-09-06,12191.73046875,2978.7099609375,21199.5703125
2019-09-09,12226.099609375,2978.429931640625,21318.419921875
2019-09-10,12268.7099609375,2979.389892578125,21392.099609375
2019-09-11,12359.0703125,3000.929931640625,21597.759765625
2019-09-12,12410.25,3009.570068359375,21759.609375
2019-09-13,12468.5302734375,3007.389892578125,21988.2890625
2019-09-16,12380.3095703125,2997.9599609375,
2019-09-17,12372.6103515625,3005.699951171875,22001.3203125
2019-09-18,12389.6201171875,3006.72998046875,21960.7109375
2019-09-19,12457.7001953125,3006.7900390625,22044.44921875
2019-09-20,12468.009765625,2992.070068359375,22079.08984375
2019-09-23,12342.330078125,2991.780029296875,
2019-09-24,12307.150390625,2966.60009765625,22098.83984375
2019-09-25,12234.1796875,2984.8701171875,22020.150390625
2019-09-26,12288.5400390625,2977.6201171875,22048.240234375
2019-09-27,12380.9404296875,2961.7900390625,21878.900390625
2019-09-30,12428.080078125,2976.739990234375,21755.83984375
2019-10-01,12263.830078125,2940.25,21885.240234375
2019-10-02,11925.25,2887.610107421875,21778.609375
2019-10-03,,2910.6298828125,21341.740234375
2019-10-04,12012.8095703125,2952.010009765625,21410.19921875
2019-10-07,12097.4296875,2938.7900390625,21375.25
2019-10-08,11970.2001953125,2893.06005859375,21587.779296875
2019-10-09,12094.259765625,2919.39990234375,21456.380859375
2019-10-10,12164.2001953125,2938.1298828125,21551.98046875
2019-10-11,12511.650390625,2970.27001953125,21798.869140625
2019-10-14,12486.5595703125,2966.14990234375,
2019-10-15,12629.7900390625,2995.679931640625,22207.2109375
2019-10-16,12670.1103515625,2989.68994140625,22472.919921875
2019-10-17,12654.9501953125,2997.949951171875,22451.859375
2019-10-18,12633.599609375,2986.199951171875,22492.6796875
2019-10-21,12747.9599609375,3006.719970703125,22548.900390625
2019-10-22,12754.6904296875,2995.989990234375,
2019-10-23,12798.1904296875,3004.52001953125,22625.380859375
2019-10-24,12872.099609375,3010.2900390625,22750.599609375
2019-10-25,12894.509765625,3022.550048828125,22799.810546875
2019-10-28,12941.7099609375,3039.419921875,22867.26953125
2019-10-29,12939.6201171875,3036.889892578125,22974.130859375
2019-10-30,12910.23046875,3046.77001953125,22843.119140625
2019-10-31,12866.7900390625,3037.56005859375,22927.0390625
2019-11-01,12961.0498046875,3066.909912109375,22850.76953125
2019-11-04,13136.2802734375,3078.27001953125,
2019-11-05,13148.5,3074.6201171875,23251.990234375
2019-11-06,13179.8896484375,3076.780029296875,23303.8203125
2019-11-07,13289.4599609375,3085.179931640625,23330.3203125
2019-11-08,13228.5595703125,3093.080078125,23391.869140625
2019-11-11,13198.3701171875,3087.010009765625,23331.83984375
2019-11-12,13283.509765625,3091.840087890625,23520.009765625
2019-11-13,13230.0703125,3094.0400390625,23319.869140625
2019-11-14,13180.23046875,3096.6298828125,23141.55078125
2019-11-15,13241.75,3120.4599609375,23303.3203125
2019-11-18,13207.009765625,3122.030029296875,23416.759765625
2019-11-19,13221.1201171875,3120.179931640625,23292.650390625
2019-11-20,13158.1396484375,3108.4599609375,23148.5703125
2019-11-21,13137.7001953125,3103.5400390625,23038.580078125
2019-11-22,13163.8798828125,3110.2900390625,23112.880859375
2019-11-25,13246.4501953125,3133.639892578125,23292.810546875
2019-11-26,13236.419921875,3140.52001953125,23373.3203125
2019-11-27,13287.0703125,3153.6298828125,23437.76953125
2019-11-28,13245.580078125,,23409.140625
2019-11-29,13236.3798828125,3140.97998046875,23293.91015625
2019-12-02,12964.6796875,3113.8701171875,23529.5
2019-12-03,12989.2900390625,3093.199951171875,23379.810546875
2019-12-04,13140.5703125,3112.760009765625,23135.23046875
2019-12-05,13054.7998046875,3117.429931640625,23300.08984375
2019-12-06,13166.580078125,3145.909912109375,23354.400390625
2019-12-09,13105.6103515625,3135.9599609375,23430.69921875
2019-12-10,13070.7197265625,3132.52001953125,23410.189453125
2019-12-11,13146.740234375,3141.6298828125,23391.859375
2019-12-12,13221.6396484375,3168.570068359375,23424.810546875
2019-12-13,13282.7197265625,3168.800048828125,24023.099609375
2019-12-16,13407.66015625,3191.449951171875,23952.349609375
2019-12-17,13287.830078125,3192.52001953125,24066.119140625
2019-12-18,13222.16015625,3191.139892578125,23934.4296875
2019-12-19,13211.9599609375,3205.3701171875,23864.849609375
2019-12-20,13318.900390625,3221.219970703125,23816.630859375
2019-12-23,13300.98046875,3224.010009765625,23821.109375
2019-12-24,,3223.3798828125,23830.580078125
2019-12-25,,,23782.869140625
2019-12-26,,3239.909912109375,23924.919921875
2019-12-27,13337.1103515625,3240.02001953125,23837.720703125
2019-12-30,13249.009765625,3221.2900390625,23656.619140625
2019-12-31,,3230.780029296875,
2020-01-02,13385.9296875,3257.85009765625,
2020-01-03,13219.1396484375,3234.85009765625,
2020-01-06,13126.990234375,3246.280029296875,23204.859375
2020-01-07,13226.830078125,3237.179931640625,23575.720703125
2020-01-08,13320.1796875,3253.050048828125,23204.759765625
2020-01-09,13495.0595703125,3274.699951171875,23739.869140625
2020-01-10,13483.3095703125,3265.35009765625,23850.5703125
2020-01-13,13451.51953125,3288.1298828125,
2020-01-14,13456.490234375,3283.14990234375,24025.169921875
2020-01-15,13432.2998046875,3289.2900390625,23916.580078125
2020-01-16,13429.4296875,3316.81005859375,23933.130859375
2020-01-17,13526.1298828125,3329.6201171875,24041.259765625
2020-01-20,13548.9404296875,,24083.509765625
2020-01-21,13555.8701171875,3320.7900390625,23864.560546875
2020-01-22,13515.75,3321.75,24031.349609375
2020-01-23,13388.419921875,3325.5400390625,23795.439453125
2020-01-24,13576.6796875,3295.469970703125,23827.1796875
2020-01-27,13204.76953125,3243.6298828125,23343.509765625
2020-01-28,13323.6904296875,3276.239990234375,23215.7109375
2020-01-29,13345.0,3273.39990234375,23379.400390625
2020-01-30,13157.1201171875,3283.659912109375,22977.75
2020-01-31,12981.9697265625,3225.52001953125,23205.1796875
2020-02-03,13045.1904296875,3248.919921875,22971.939453125
2020-02-04,13281.740234375,3297.590087890625,23084.58984375
2020-02-05,13478.330078125,3334.68994140625,23319.560546875
2020-02-06,13574.8203125,3345.780029296875,23873.58984375
2020-02-07,13513.8095703125,3327.7099609375,23827.98046875
2020-02-10,13494.0302734375,3352.090087890625,23685.98046875
2020-02-11,13627.83984375,3357.75,
2020-02-12,13749.7802734375,3379.449951171875,23861.2109375
2020-02-13,13745.4296875,3373.93994140625,23827.73046875
2020-02-14,13744.2099609375,3380.159912109375,23687.58984375
2020-02-17,13783.8896484375,,23523.240234375
2020-02-18,13681.1904296875,3370.2900390625,23193.80078125
2020-02-19,13789.0,3386.14990234375,23400.69921875
2020-02-20,13664.0,3373.22998046875,23479.150390625
2020-02-21,13579.330078125,3337.75,23386.740234375
2020-02-24,13035.240234375,3225.889892578125,
2020-02-25,12790.490234375,3128.2099609375,22605.41015625
2020-02-26,12774.8798828125,3116.389892578125,22426.189453125
2020-02-27,12367.4599609375,2978.760009765625,21948.23046875
2020-02-28,11890.349609375,2954.219970703125,21142.9609375
2020-03-02,11857.8701171875,3090.22998046875,21344.080078125
2020-03-03,11985.3896484375,3003.3701171875,21082.73046875
2020-03-04,12127.6904296875,3130.1201171875,21100.060546875
2020-03-05,11944.7197265625,3023.93994140625,21329.119140625
2020-03-06,11541.8701171875,2972.3701171875,20749.75
2020-03-09,10625.01953125,2746.56005859375,19698.759765625
2020-03-10,10475.490234375,2882.22998046875,19867.119140625
2020-03-11,10438.6796875,2741.3798828125,19416.060546875
2020-03-12,9161.1298828125,2480.639892578125,18559.630859375
2020-03-13,9232.080078125,2711.02001953125,17431.05078125
2020-03-16,8742.25,2386.1298828125,17002.0390625
2020-03-17,8939.099609375,2529.18994140625,17011.529296875
2020-03-18,8441.7099609375,2398.10009765625,16726.55078125
2020-03-19,8610.4296875,2409.389892578125,16552.830078125
2020-03-20,8928.9501953125,2304.919921875,
2020-03-23,8741.150390625,2237.39990234375,16887.779296875
2020-03-24,9700.5703125,2447.330078125,18092.349609375
2020-03-25,9874.259765625,2475.56005859375,19546.630859375
2020-03-26,10000.9599609375,2630.070068359375,18664.599609375
2020-03-27,9632.51953125,2541.469970703125,19389.4296875
2020-03-30,9815.9697265625,2626.64990234375,19084.970703125
2020-03-31,9935.83984375,2584.590087890625,18917.009765625
2020-04-01,9544.75,2470.5,18065.41015625
2020-04-02,9570.8203125,2526.89990234375,17818.720703125
2020-04-03,9525.76953125,2488.64990234375,17820.189453125
2020-04-06,10075.169921875,2663.679931640625,18576.30078125
2020-04-07,10356.7001953125,2659.409912109375,18950.1796875
2020-04-08,10332.8896484375,2749.97998046875,19353.240234375
2020-04-09,10564.740234375,2789.820068359375,19345.76953125
2020-04-10,,,19498.5
2020-04-13,,2761.6298828125,19043.400390625
2020-04-14,10696.5595703125,2846.06005859375,19638.810546875
2020-04-15,10279.759765625,2783.360107421875,19550.08984375
2020-04-16,10301.5400390625,2799.550048828125,19290.19921875
2020-04-17,10625.7802734375,2874.56005859375,19897.259765625
2020-04-20,10675.900390625,2823.159912109375,19669.119140625
2020-04-21,10249.849609375,2736.56005859375,19280.779296875
2020-04-22,10415.0302734375,2799.31005859375,19137.94921875
2020-04-23,10513.7900390625,2797.800048828125,19429.439453125
2020-04-24,10336.08984375,2836.739990234375,19262.0
2020-04-27,10659.990234375,2878.47998046875,19783.220703125
2020-04-28,10795.6298828125,2863.389892578125,19771.189453125
2020-04-29,11107.740234375,2939.510009765625,
2020-04-30,10861.6396484375,2912.429931640625,20193.689453125
2020-05-01,,2830.7099609375,19619.349609375
2020-05-04,10466.7998046875,2842.739990234375,
2020-05-05,10729.4599609375,2868.43994140625,
2020-05-06,10606.2001953125,2848.419921875,
2020-05-07,10759.26953125,2881.18994140625,19674.76953125
2020-05-08,10904.48046875,2929.800048828125,20179.08984375
2020-05-11,10824.990234375,2930.18994140625,20390.66015625
2020-05-12,10819.5,2870.1201171875,20366.48046875
2020-05-13,10542.66015625,2820.0,20267.05078125
2020-05-14,10337.01953125,2852.5,19914.779296875
2020-05-15,10465.169921875,2863.699951171875,20037.470703125
2020-05-18,11058.8701171875,2953.909912109375,20133.73046875
2020-05-19,11075.2900390625,2922.93994140625,20433.44921875
2020-05-20,11223.7099609375,2971.610107421875,20595.150390625
2020-05-21,11065.9296875,2948.510009765625,20552.310546875
2020-05-22,11073.8701171875,2955.449951171875,20388.16015625
2020-05-25,11391.2802734375,,20741.650390625
2020-05-26,11504.650390625,2991.77001953125,21271.169921875
2020-05-27,11657.6904296875,3036.1298828125,21419.23046875
2020-05-28,11781.1298828125,3029.72998046875,21916.310546875
2020-05-29,11586.849609375,3044.31005859375,21877.890625
2020-06-01,,3055.72998046875,22062.390625
2020-06-02,12021.2802734375,3080.820068359375,22325.609375
2020-06-03,12487.3603515625,3122.8701171875,22613.759765625
2020-06-04,12430.5595703125,3112.35009765625,22695.740234375
2020-06-05,12847.6796875,3193.929931640625,22863.73046875
2020-06-08,12819.58984375,3232.389892578125,23178.099609375
2020-06-09,12617.990234375,3207.179931640625,23091.029296875
2020-06-10,12530.16015625,3190.139892578125,23124.94921875
2020-06-11,11970.2900390625,3002.10009765625,22472.91015625
2020-06-12,11949.2802734375,3041.31005859375,22305.48046875
2020-06-15,11911.349609375,3066.590087890625,21530.94921875
2020-06-16,12315.66015625,3124.739990234375,22582.2109375
2020-06-17,12382.1396484375,3113.489990234375,22455.759765625
2020-06-18,12281.5302734375,3115.340087890625,22355.4609375
2020-06-19,12330.759765625,3097.739990234375,22478.7890625
2020-06-22,12262.9697265625,3117.860107421875,22437.26953125
2020-06-23,12523.759765625,3131.2900390625,22549.05078125
2020-06-24,12093.9404296875,3050.330078125,22534.3203125
2020-06-25,12177.8701171875,3083.760009765625,22259.7890625
2020-06-26,12089.3896484375,3009.050048828125,22512.080078125
2020-06-29,12232.1201171875,3053.239990234375,21995.0390625
2020-06-30,12310.9296875,3100.2900390625,22288.140625
2020-07-01,12260.5703125,3115.860107421875,22121.73046875
2020-07-02,12608.4599609375,3130.010009765625,22145.9609375
2020-07-03,12528.1796875,,22306.48046875
2020-07-06,12733.4501953125,3179.719970703125,22714.439453125
2020-07-07,12616.7998046875,3145.320068359375,22614.689453125
2020-07-08,12494.8095703125,3169.93994140625,22438.650390625
2020-07-09,12489.4599609375,3152.050048828125,22529.2890625
2020-07-10,12633.7099609375,3185.0400390625,22290.810546875
2020-07-13,12799.9697265625,3155.219970703125,22784.740234375
2020-07-14,12697.3603515625,3197.52001953125,22587.009765625
2020-07-15,12930.98046875,3226.56005859375,22945.5
2020-07-16,12874.9697265625,3215.570068359375,22770.359375
2020-07-17,12919.6103515625,3224.72998046875,22696.419921875
2020-07-20,13046.919921875,3251.840087890625,22717.48046875
2020-07-21,13171.830078125,3257.300048828125,22884.220703125
2020-07-22,13104.25,3276.02001953125,22751.609375
2020-07-23,13103.3896484375,3235.659912109375,
2020-07-24,12838.0595703125,3215.6298828125,
2020-07-27,12838.66015625,3239.409912109375,22715.849609375
2020-07-28,12835.2802734375,3218.43994140625,22657.380859375
2020-07-29,12822.259765625,3258.43994140625,22397.109375
2020-07-30,12379.650390625,3246.219970703125,22339.23046875
2020-07-31,12313.3603515625,3271.1201171875,21710.0
2020-08-03,12646.98046875,3294.610107421875,22195.380859375
2020-08-04,12600.8701171875,3306.510009765625,22573.66015625
2020-08-05,12660.25,3327.77001953125,22514.849609375
2020-08-06,12591.6796875,3349.159912109375,22418.150390625
2020-08-07,12674.8798828125,3351.280029296875,22329.939453125
2020-08-10,12687.5302734375,3360.469970703125,
2020-08-11,12946.8896484375,3333.68994140625,22750.240234375
2020-08-12,13058.6298828125,3380.35009765625,22843.9609375
2020-08-13,12993.7099609375,3373.429931640625,23249.609375
2020-08-14,12901.33984375,3372.85009765625,23289.359375
2020-08-17,12920.66015625,3381.989990234375,23096.75
2020-08-18,12881.759765625,3389.780029296875,23051.080078125
2020-08-19,12977.330078125,3374.85009765625,23110.609375
2020-08-20,12830.0,3385.510009765625,22880.619140625
2020-08-21,12764.7998046875,3397.159912109375,22920.30078125
2020-08-24,13066.5400390625,3431.280029296875,22985.509765625
2020-08-25,13061.6201171875,3443.6201171875,23296.76953125
2020-08-26,13190.150390625,3478.72998046875,23290.859375
2020-08-27,13096.3603515625,3484.550048828125,23208.859375
2020-08-28,13033.2001953125,3508.010009765625,22882.650390625
2020-08-31,12945.3798828125,3500.31005859375,23139.759765625
2020-09-01,12974.25,3526.64990234375,23138.0703125
2020-09-02,13243.4296875,3580.840087890625,23247.150390625
2020-09-03,13057.76953125,3455.06005859375,23465.529296875
2020-09-04,12842.66015625,3426.9599609375,23205.4296875
2020-09-07,13100.2802734375,,23089.94921875
2020-09-08,12968.330078125,3331.840087890625,23274.130859375
2020-09-09,13237.2099609375,3398.9599609375,23032.5390625
2020-09-10,13208.8896484375,3339.18994140625,23235.470703125
2020-09-11,13202.83984375,3340.969970703125,23406.490234375
2020-09-14,13193.66015625,3383.5400390625,23559.30078125
2020-09-15,13217.669921875,3401.199951171875,23454.890625
2020-09-16,13255.3701171875,3385.489990234375,23475.529296875
2020-09-17,13208.1201171875,3357.010009765625,23319.369140625
2020-09-18,13116.25,3319.469970703125,23360.30078125
2020-09-21,12542.4404296875,3281.06005859375,
2020-09-22,12594.3896484375,3315.570068359375,
2020-09-23,12642.9697265625,3236.919921875,23346.490234375
2020-09-24,12606.5703125,3246.590087890625,23087.8203125
2020-09-25,12469.2001953125,3298.4599609375,23204.619140625
2020-09-28,12870.8701171875,3351.60009765625,23511.619140625
2020-09-29,12825.8203125,3335.469970703125,23539.099609375
2020-09-30,12760.73046875,3363.0,23185.119140625
2020-10-01,12730.76953125,3380.800048828125,
2020-10-02,12689.0400390625,3348.419921875,23029.900390625
2020-10-05,12828.3095703125,3408.60009765625,23312.140625
2020-10-06,12906.01953125,3360.969970703125,23433.73046875
2020-10-07,12928.5703125,3419.43994140625,23422.8203125
2020-10-08,13042.2099609375,3446.830078125,23647.0703125
2020-10-09,13051.23046875,3477.139892578125,23619.689453125
2020-10-12,13138.41015625,3534.219970703125,23558.689453125
2020-10-13,13018.990234375,3511.929931640625,23601.779296875
2020-10-14,13028.0595703125,3488.669921875,23626.73046875
2020-10-15,12703.75,3483.340087890625,23507.23046875
2020-10-16,12908.990234375,3483.81005859375,23410.630859375
2020-10-19,12854.66015625,3426.919921875,23671.130859375
2020-10-20,12736.9501953125,3443.1201171875,23567.0390625
2020-10-21,12557.6396484375,3435.56005859375,23639.4609375
2020-10-22,12543.0595703125,3453.489990234375,23474.26953125
2020-10-23,12645.75,3465.389892578125,23516.58984375
2020-10-26,12177.1796875,3400.969970703125,23494.33984375
2020-10-27,12063.5703125,3390.679931640625,23485.80078125
2020-10-28,11560.509765625,3271.030029296875,23418.509765625
2020-10-29,11598.0703125,3310.110107421875,23331.939453125
2020-10-30,11556.48046875,3269.9599609375,22977.130859375
2020-11-02,11788.2802734375,3310.239990234375,23295.48046875
2020-11-03,12088.98046875,3369.159912109375,
2020-11-04,12324.2197265625,3443.43994140625,23695.23046875
2020-11-05,12568.08984375,3510.449951171875,24105.279296875
2020-11-06,12480.01953125,3509.43994140625,24325.23046875
2020-11-09,13095.9697265625,3550.5,24839.83984375
2020-11-10,13163.1103515625,3545.530029296875,24905.58984375
2020-11-11,13216.1796875,3572.659912109375,25349.599609375
2020-11-12,13052.9501953125,3537.010009765625,25520.880859375
2020-11-13,13076.7197265625,3585.14990234375,25385.869140625
2020-11-16,13138.6103515625,3626.909912109375,25906.9296875
2020-11-17,13133.4697265625,3609.530029296875,26014.619140625
2020-11-18,13201.8896484375,3567.7900390625,25728.140625
2020-11-19,13086.16015625,3581.8701171875,25634.33984375
2020-11-20,13137.25,3557.5400390625,25527.369140625
2020-11-23,13126.9697265625,3577.590087890625,
2020-11-24,13292.4404296875,3635.409912109375,26165.58984375
2020-11-25,13289.7998046875,3629.64990234375,26296.859375
2020-11-26,13286.5703125,,26537.310546875
2020-11-27,13335.6796875,3638.35009765625,26644.7109375
2020-11-30,13291.16015625,3621.6298828125,26433.619140625
2020-12-01,13382.2998046875,3662.449951171875,26787.5390625
2020-12-02,13313.240234375,3669.010009765625,26800.98046875
2020-12-03,13252.8603515625,3666.719970703125,26809.369140625
2020-12-04,13298.9599609375,3699.1201171875,26751.240234375
2020-12-07,13271.0,3691.9599609375,26547.439453125
2020-12-08,13278.490234375,3702.25,26467.080078125
2020-12-09,13340.259765625,3672.820068359375,26817.939453125
2020-12-10,13295.73046875,3668.10009765625,26756.240234375
2020-12-11,13114.2998046875,3663.4599609375,26652.51953125
2020-12-14,13223.16015625,3647.489990234375,26732.439453125
2020-12-15,13362.8701171875,3694.6201171875,26687.83984375
2020-12-16,13565.98046875,3701.169921875,26757.400390625
2020-12-17,13667.25,3722.47998046875,26806.669921875
2020-12-18,13630.509765625,3709.409912109375,26763.390625
2020-12-21,13246.2998046875,3694.919921875,26714.419921875
2020-12-22,13418.1103515625,3687.260009765625,26436.390625
2020-12-23,13587.23046875,3690.010009765625,26524.7890625
2020-12-24,,3703.06005859375,26668.349609375
2020-12-25,,,26656.609375
2020-12-28,13790.2900390625,3735.360107421875,26854.029296875
2020-12-29,13761.3798828125,3727.0400390625,27568.150390625
2020-12-30,13718.7802734375,3732.0400390625,27444.169921875
2020-12-31,,3756.070068359375,
2021-01-04,13726.740234375,3700.64990234375,27258.380859375
2021-01-05,13651.2197265625,3726.860107421875,27158.630859375
2021-01-06,13891.9697265625,3748.139892578125,27055.939453125
2021-01-07,13968.240234375,3803.7900390625,27490.130859375
2021-01-08,14049.5302734375,3824.679931640625,28139.029296875
2021-01-11,13936.66015625,3799.610107421875,
2021-01-12,13925.0595703125,3801.18994140625,28164.33984375
2021-01-13,13939.7099609375,3809.840087890625,28456.58984375
2021-01-14,13988.7001953125,3795.5400390625,28698.259765625
2021-01-15,13787.73046875,3768.25,28519.1796875
2021-01-18,13848.349609375,,28242.2109375
2021-01-19,13815.0595703125,3798.909912109375,28633.4609375
2021-01-20,13921.3701171875,3851.85009765625,28523.259765625
2021-01-21,13906.669921875,3853.070068359375,28756.859375
2021-01-22,13873.9697265625,3841.469970703125,28631.44921875
2021-01-25,13643.9501953125,3855.360107421875,28822.2890625
2021-01-26,13870.990234375,3849.6201171875,28546.1796875
2021-01-27,13620.4599609375,3750.77001953125,28635.2109375
2021-01-28,13665.9296875,3787.3798828125,28197.419921875
2021-01-29,13432.8701171875,3714.239990234375,27663.390625
2021-02-01,13622.01953125,3773.860107421875,28091.05078125
2021-02-02,13835.16015625,3826.31005859375,28362.169921875
2021-02-03,13933.6298828125,3830.169921875,28646.5
2021-02-04,14060.2900390625,3871.739990234375,28341.94921875
2021-02-05,14056.7197265625,3886.830078125,28779.189453125
2021-02-08,14059.91015625,3915.590087890625,29388.5
2021-02-09,14011.7998046875,3911.22998046875,29505.9296875
2021-02-10,13932.9697265625,3909.8798828125,29562.9296875
2021-02-11,14040.91015625,3916.3798828125,
2021-02-12,14049.8896484375,3934.830078125,29520.0703125
2021-02-15,14109.48046875,,30084.150390625
2021-02-16,14064.599609375,3932.590087890625,30467.75
2021-02-17,13909.26953125,3931.330078125,30292.189453125
2021-02-18,13886.9296875,3913.969970703125,30236.08984375
2021-02-19,13993.23046875,3906.7099609375,30017.919921875
2021-02-22,13950.0400390625,3876.5,30156.029296875
2021-02-23,13864.8095703125,3881.3701171875,
2021-02-24,13976.0,3925.429931640625,29671.69921875
2021-02-25,13879.330078125,3829.340087890625,30168.26953125
2021-02-26,13786.2900390625,3811.14990234375,28966.009765625
2021-03-01,14012.8203125,3901.820068359375,29663.5
2021-03-02,14039.7998046875,3870.2900390625,29408.169921875
2021-03-03,14080.0302734375,3819.719970703125,29559.099609375
2021-03-04,14056.33984375,3768.469970703125,28930.109375
2021-03-05,13920.6904296875,3841.93994140625,28864.3203125
2021-03-08,14380.91015625,3821.35009765625,28743.25
2021-03-09,14437.9404296875,3875.43994140625,29027.939453125
2021-03-10,14540.25,3898.81005859375,29036.560546875
2021-03-11,14569.3896484375,3939.340087890625,29211.640625
2021-03-12,14502.3896484375,3943.340087890625,29717.830078125
2021-03-15,14461.419921875,3968.93994140625,29766.970703125
2021-03-16,14557.580078125,3962.7099609375,29921.08984375
2021-03-17,14596.6103515625,3974.1201171875,29914.330078125
2021-03-18,14775.51953125,3915.4599609375,30216.75
2021-03-19,14621.0,3913.10009765625,29792.05078125
2021-03-22,14657.2099609375,3940.590087890625,29174.150390625
2021-03-23,14662.01953125,3910.52001953125,28995.919921875
2021-03-24,14610.3896484375,3889.139892578125,28405.51953125
2021-03-25,14621.3603515625,3909.52001953125,28729.880859375
2021-03-26,14748.9404296875,3974.5400390625,29176.69921875
2021-03-29,14817.7197265625,3971.090087890625,29384.51953125
2021-03-30,15008.6103515625,3958.550048828125,29432.69921875
2021-03-31,15008.33984375,3972.889892578125,29178.80078125
2021-04-01,15107.169921875,4019.8701171875,29388.869140625
2021-04-02,,,29854.0
2021-04-05,,4077.909912109375,30089.25
2021-04-06,15212.6796875,4073.93994140625,29696.630859375
2021-04-07,15176.3603515625,4079.949951171875,29730.7890625
2021-04-08,15202.6796875,4097.169921875,29708.98046875
2021-04-09,15234.16015625,4128.7998046875,29768.060546875
2021-04-12,15215.0,4127.990234375,29538.73046875
2021-04-13,15234.3603515625,4141.58984375,29751.609375
2021-04-14,15209.150390625,4124.66015625,29620.990234375
2021-04-15,15255.330078125,4170.419921875,29642.689453125
2021-04-16,15459.75,4185.47021484375,29683.369140625
2021-04-19,15368.3896484375,4163.259765625,29685.369140625
2021-04-20,15129.509765625,4134.93994140625,29100.380859375
2021-04-21,15195.9697265625,4173.419921875,28508.55078125
2021-04-22,15320.51953125,4134.97998046875,29188.169921875
2021-04-23,15279.6201171875,4180.169921875,29020.630859375
2021-04-26,15296.33984375,4187.6201171875,29126.23046875
2021-04-27,15249.26953125,4186.72021484375,28991.890625
2021-04-28,15292.1796875,4183.18017578125,29053.970703125
2021-04-29,15154.2001953125,4211.47021484375,
2021-04-30,15135.91015625,4181.169921875,28812.630859375
2021-05-03,15236.4697265625,4192.66015625,
2021-05-04,14856.48046875,4164.66015625,
2021-05-05,15170.7802734375,4167.58984375,
2021-05-06,15196.740234375,4201.6201171875,29331.369140625
2021-05-07,15399.650390625,4232.60009765625,29357.8203125
2021-05-10,15400.41015625,4188.43017578125,29518.33984375
2021-05-11,15119.75,4152.10009765625,28608.58984375
2021-05-12,15150.2197265625,4063.0400390625,28147.509765625
2021-05-13,15199.6796875,4112.5,27448.009765625
2021-05-14,15416.6396484375,4173.85009765625,28084.470703125
2021-05-17,15396.6201171875,4163.2900390625,27824.830078125
2021-05-18,15386.580078125,4127.830078125,28406.83984375
2021-05-19,15113.5595703125,4115.68017578125,28044.44921875
2021-05-20,15370.259765625,4159.1201171875,28098.25
2021-05-21,15437.509765625,4155.85986328125,28317.830078125
2021-05-24,,4197.0498046875,28364.609375
2021-05-25,15465.08984375,4188.1298828125,28553.98046875
2021-05-26,15450.7197265625,4195.990234375,28642.189453125
2021-05-27,15406.73046875,4200.8798828125,28549.009765625
2021-05-28,15519.98046875,4204.10986328125,29149.41015625
2021-05-31,15421.1298828125,,28860.080078125
2021-06-01,15567.3603515625,4202.0400390625,28814.33984375
2021-06-02,15602.7099609375,4208.1201171875,28946.140625
2021-06-03,15632.669921875,4192.85009765625,29058.109375
2021-06-04,15692.900390625,4229.89013671875,28941.51953125
2021-06-07,15677.150390625,4226.52001953125,29019.240234375
2021-06-08,15640.599609375,4227.259765625,28963.560546875
2021-06-09,15581.1396484375,4219.5498046875,28860.80078125
2021-06-10,15571.2197265625,4239.18017578125,28958.560546875
2021-06-11,15693.26953125,4247.43994140625,28948.73046875
2021-06-14,15673.6396484375,4255.14990234375,29161.80078125
2021-06-15,15729.51953125,4246.58984375,29441.30078125
2021-06-16,15710.5703125,4223.7001953125,29291.009765625
2021-06-17,15727.669921875,4221.85986328125,29018.330078125
2021-06-18,15448.0400390625,4166.4501953125,28964.080078125
2021-06-21,15603.240234375,4224.7900390625,28010.9296875
2021-06-22,15636.330078125,4246.43994140625,28884.130859375
2021-06-23,15456.3896484375,4241.83984375,28874.890625
2021-06-24,15589.23046875,4266.490234375,28875.23046875
2021-06-25,15607.9697265625,4280.7001953125,29066.1796875
2021-06-28,15554.1796875,4290.60986328125,29048.01953125
2021-06-29,15690.58984375,4291.7998046875,28812.609375
2021-06-30,15531.0400390625,4297.5,28791.529296875
2021-07-01,15603.8095703125,4319.93994140625,28707.0390625
2021-07-02,15650.08984375,4352.33984375,28783.279296875
2021-07-05,15661.9697265625,,28598.189453125
2021-07-06,15511.3798828125,4343.5400390625,28643.2109375
2021-07-07,15692.7099609375,4358.1298828125,28366.94921875
2021-07-08,15420.6396484375,4320.81982421875,28118.029296875
2021-07-09,15687.9296875,4369.5498046875,27940.419921875
2021-07-12,15790.509765625,4384.6298828125,28569.01953125
2021-07-13,15789.6396484375,4369.2099609375,28718.240234375
2021-07-14,15788.98046875,4374.2998046875,28608.490234375
2021-07-15,15629.66015625,4360.02978515625,28279.08984375
2021-07-16,15540.3095703125,4327.16015625,28003.080078125
2021-07-19,15133.2001953125,4258.490234375,27652.740234375
2021-07-20,15216.26953125,4323.06005859375,27388.16015625
2021-07-21,15422.5,4358.68994140625,27548.0
2021-07-22,15514.5400390625,4367.47998046875,
2021-07-23,15669.2900390625,4411.7900390625,
2021-07-26,15618.98046875,4422.2998046875,27833.2890625
2021-07-27,15519.1298828125,4401.4599609375,27970.220703125
2021-07-28,15570.3603515625,4400.64013671875,27581.66015625
2021-07-29,15640.4697265625,4419.14990234375,27782.419921875
2021-07-30,15544.3896484375,4395.259765625,27283.58984375
2021-08-02,15568.73046875,4387.16015625,27781.01953125
2021-08-03,15555.080078125,4423.14990234375,27641.830078125
2021-08-04,15692.1298828125,4402.66015625,27584.080078125
2021-08-05,15744.669921875,4429.10009765625,27728.119140625
2021-08-06,15761.4501953125,4436.52001953125,27820.0390625
2021-08-09,15745.41015625,4432.35009765625,
2021-08-10,15770.7099609375,4436.75,27888.150390625
2021-08-11,15826.08984375,4442.41015625,28070.509765625
2021-08-12,15937.509765625,4460.830078125,28015.01953125
2021-08-13,15977.4404296875,4468.0,27977.150390625
2021-08-16,15925.73046875,4479.7099609375,27523.189453125
2021-08-17,15921.9501953125,4448.080078125,27424.470703125
2021-08-18,15965.9697265625,4400.27001953125,27585.91015625
2021-08-19,15765.8095703125,4405.7998046875,27281.169921875
2021-08-20,15808.0400390625,4441.669921875,27013.25
2021-08-23,15852.7900390625,4479.52978515625,27494.240234375
2021-08-24,15905.849609375,4486.22998046875,27732.099609375
2021-08-25,15860.66015625,4496.18994140625,27724.80078125
2021-08-26,15793.6201171875,4470.0,27742.2890625
2021-08-27,15851.75,4509.3701171875,27641.140625
2021-08-30,15887.3095703125,4528.7900390625,27789.2890625
2021-08-31,15835.08984375,4522.68017578125,28089.5390625
2021-09-01,15824.2900390625,4524.08984375,28451.01953125
2021-09-02,15840.58984375,4536.9501953125,28543.509765625
2021-09-03,15781.2001953125,4535.43017578125,29128.109375
2021-09-06,15932.1201171875,,29659.890625
2021-09-07,15843.08984375,4520.02978515625,29916.140625
2021-09-08,15610.2802734375,4514.06982421875,30181.2109375
2021-09-09,15623.150390625,4493.27978515625,30008.189453125
2021-09-10,15609.8095703125,4458.580078125,30381.83984375
2021-09-13,15701.419921875,4468.72998046875,30447.369140625
2021-09-14,15722.990234375,4443.0498046875,30670.099609375
2021-09-15,15616.0,4480.7001953125,30511.7109375
2021-09-16,15651.75,4473.75,30323.33984375
2021-09-17,15490.169921875,4432.990234375,30500.05078125
2021-09-20,15132.0595703125,4357.72998046875,
2021-09-21,15348.5302734375,4354.18994140625,29839.7109375
2021-09-22,15506.740234375,4395.64013671875,29639.400390625
2021-09-23,15643.9697265625,4448.97998046875,
2021-09-24,15531.75,4455.47998046875,30248.810546875
2021-09-27,15573.8798828125,4443.10986328125,30240.060546875
2021-09-28,15248.5595703125,4352.6298828125,30183.9609375
2021-09-29,15365.26953125,4359.4599609375,29544.2890625
2021-09-30,15260.6904296875,4307.5400390625,29452.66015625
2021-10-01,15156.4404296875,4357.0400390625,28771.0703125
2021-10-04,15036.5498046875,4300.4599609375,28444.890625
2021-10-05,15194.490234375,4345.72021484375,27822.119140625
2021-10-06,14973.330078125,4363.5498046875,27528.869140625
2021-10-07,15250.8603515625,4399.759765625,27678.2109375
2021-10-08,15206.1298828125,4391.33984375,28048.939453125
2021-10-11,15199.1396484375,4361.18994140625,28498.19921875
2021-10-12,15146.8701171875,4350.64990234375,28230.609375
2021-10-13,15249.3798828125,4363.7998046875,28140.279296875
2021-10-14,15462.7197265625,4438.259765625,28550.9296875
2021-10-15,15587.3603515625,4471.3701171875,29068.630859375
2021-10-18,15474.4697265625,4486.4599609375,29025.4609375
2021-10-19,15515.830078125,4519.6298828125,29215.51953125
2021-10-20,15522.919921875,4536.18994140625,29255.55078125
2021-10-21,15472.5595703125,4549.77978515625,28708.580078125
2021-10-22,15542.98046875,4544.89990234375,28804.849609375
2021-10-25,15599.23046875,4566.47998046875,28600.41015625
2021-10-26,15757.0595703125,4574.7900390625,29106.009765625
2021-10-27,15705.8095703125,4551.68017578125,29098.240234375
2021-10-28,15696.330078125,4596.419921875,28820.08984375
2021-10-29,15688.76953125,4605.3798828125,28892.689453125
2021-11-01,15806.2900390625,4613.669921875,29647.080078125
2021-11-02,15954.4501953125,4630.64990234375,29520.900390625
2021-11-03,15959.98046875,4660.56982421875,
2021-11-04,16029.650390625,4680.06005859375,29794.369140625
2021-11-05,16054.3603515625,4697.52978515625,29611.5703125
2021-11-08,16046.51953125,4701.7001953125,29507.05078125
2021-11-09,16040.4697265625,4685.25,29285.4609375
2021-11-10,16067.830078125,4646.7099609375,29106.779296875
2021-11-11,16083.1103515625,4649.27001953125,29277.859375
2021-11-12,16094.0703125,4682.85009765625,29609.970703125
2021-11-15,16148.6396484375,4682.7998046875,29776.80078125
2021-11-16,16247.8603515625,4700.89990234375,29808.119140625
2021-11-17,16251.1298828125,4688.669921875,29688.330078125
2021-11-18,16221.73046875,4704.5400390625,29598.66015625
2021-11-19,16159.9697265625,4697.9599609375,29745.869140625
2021-11-22,16115.6904296875,4682.93994140625,29774.109375
2021-11-23,15937.0,4690.7001953125,
2021-11-24,15878.3896484375,4701.4599609375,29302.66015625
2021-11-25,15917.98046875,,29499.279296875
2021-11-26,15257.0400390625,4594.6201171875,28751.619140625
2021-11-29,15280.8603515625,4655.27001953125,28283.919921875
2021-11-30,15100.1298828125,4567.0,27821.759765625
2021-12-01,15472.669921875,4513.0400390625,27935.619140625
2021-12-02,15263.1103515625,4577.10009765625,27753.369140625
2021-12-03,15169.98046875,4538.43017578125,28029.5703125
2021-12-06,15380.7900390625,4591.669921875,27927.369140625
2021-12-07,15813.9404296875,4686.75,28455.599609375
2021-12-08,15687.08984375,4701.2099609375,28860.619140625
2021-12-09,15639.259765625,4667.4501953125,28725.470703125
2021-12-10,15623.3095703125,4712.02001953125,28437.76953125
2021-12-13,15621.7197265625,4668.97021484375,28640.490234375
2021-12-14,15453.5595703125,4634.08984375,28432.640625
2021-12-15,15476.349609375,4709.85009765625,28459.720703125
2021-12-16,15636.400390625,4668.669921875,29066.3203125
2021-12-17,15531.6904296875,4620.64013671875,28545.6796875
2021-12-20,15239.669921875,4568.02001953125,27937.810546875
2021-12-21,15447.4404296875,4649.22998046875,28517.58984375
2021-12-22,15593.4697265625,4696.56005859375,28562.2109375
2021-12-23,15756.3095703125,4725.7900390625,28798.369140625
2021-12-24,,,28782.58984375
2021-12-27,15835.25,4791.18994140625,28676.4609375
2021-12-28,15963.7001953125,4786.35009765625,29069.16015625
2021-12-29,15852.25,4793.06005859375,28906.880859375
2021-12-30,15884.8603515625,4778.72998046875,28791.7109375
2021-12-31,,4766.18017578125,
2022-01-03,16020.73046875,4796.56005859375,
2022-01-04,16152.6103515625,4793.5400390625,29301.7890625
2022-01-05,16271.75,4700.580078125,29332.16015625
2022-01-06,16052.0302734375,4696.0498046875,28487.869140625
2022-01-07,15947.740234375,4677.02978515625,28478.560546875
2022-01-10,15768.26953125,4670.2900390625,
2022-01-11,15941.8095703125,4713.06982421875,28222.48046875
2022-01-12,16010.3203125,4726.35009765625,28765.66015625
2022-01-13,16031.58984375,4659.02978515625,28489.130859375
2022-01-14,15883.240234375,4662.85009765625,28124.279296875
2022-01-17,15933.7197265625,,28333.51953125
2022-01-18,15772.5595703125,4577.10986328125,28257.25
2022-01-19,15809.7197265625,4532.759765625,27467.23046875
2022-01-20,15912.330078125,4482.72998046875,27772.9296875
2022-01-21,15603.8798828125,4397.93994140625,27522.259765625
2022-01-24,15011.1298828125,4410.1298828125,27588.369140625
2022-01-25,15123.8701171875,4356.4501953125,27131.33984375
2022-01-26,15459.3896484375,4349.93017578125,27011.330078125
2022-01-27,15524.26953125,4326.509765625,26170.30078125
2022-01-28,15318.9501953125,4431.85009765625,26717.33984375
2022-01-31,15471.2001953125,4515.5498046875,27001.98046875
2022-02-01,15619.3896484375,4546.5400390625,27078.48046875
2022-02-02,15613.76953125,4589.3798828125,27533.599609375
2022-02-03,15368.4697265625,4477.43994140625,27241.310546875
2022-02-04,15099.5595703125,4500.52978515625,27439.990234375
2022-02-07,15206.6396484375,4483.8701171875,27248.869140625
2022-02-08,15242.3798828125,4521.5400390625,27284.51953125
2022-02-09,15482.009765625,4587.18017578125,27579.869140625
2022-02-10,15490.4404296875,4504.080078125,27696.080078125
2022-02-11,15425.1201171875,4418.64013671875,
2022-02-14,15113.9697265625,4401.669921875,27079.58984375
2022-02-15,15412.7099609375,4471.06982421875,26865.189453125
2022-02-16,15396.0703125,4475.009765625,27460.400390625
2022-02-17,15267.6298828125,4380.259765625,27232.869140625
2022-02-18,15042.509765625,4348.8701171875,27122.0703125
2022-02-21,14731.1201171875,,26910.869140625
2022-02-22,14693.0,4304.759765625,26449.609375
2022-02-23,14631.3603515625,4225.5,
2022-02-24,14052.099609375,4288.7001953125,25970.8203125
2022-02-25,14567.23046875,4384.64990234375,26476.5
2022-02-28,14461.01953125,4373.93994140625,26526.8203125
2022-03-01,13904.849609375,4306.259765625,26844.720703125
2022-03-02,14000.1103515625,4386.5400390625,26393.029296875
2022-03-03,13698.400390625,4363.490234375,26577.26953125
2022-03-04,13094.5400390625,4328.8701171875,25985.470703125
2022-03-07,12834.650390625,4201.08984375,25221.41015625
2022-03-08,12831.509765625,4170.7001953125,24790.94921875
2022-03-09,13847.9296875,4277.8798828125,24717.529296875
2022-03-10,13442.099609375,4259.52001953125,25690.400390625
2022-03-11,13628.1103515625,4204.31005859375,25162.779296875
2022-03-14,13929.1103515625,4173.10986328125,25307.849609375
2022-03-15,13917.26953125,4262.4501953125,25346.48046875
2022-03-16,14440.740234375,4357.85986328125,25762.009765625
2022-03-17,14388.0595703125,4411.669921875,26652.890625
2022-03-18,14413.08984375,4463.1201171875,26827.4296875
2022-03-21,14326.9697265625,4461.18017578125,
2022-03-22,14473.2001953125,4511.60986328125,27224.109375
2022-03-23,14283.650390625,4456.240234375,28040.16015625
2022-03-24,14273.7900390625,4520.16015625,28110.390625
2022-03-25,14305.759765625,4543.06005859375,28149.83984375
2022-03-28,14417.3701171875,4575.52001953125,27943.890625
2022-03-29,14820.330078125,4631.60009765625,28252.419921875
2022-03-30,14606.0498046875,4602.4501953125,28027.25
2022-03-31,14414.75,4530.41015625,27821.4296875
2022-04-01,14446.48046875,4545.85986328125,27665.98046875
2022-04-04,14518.16015625,4582.64013671875,27736.470703125
2022-04-05,14424.3603515625,4525.1201171875,27787.98046875
2022-04-06,14151.6904296875,4481.14990234375,27350.30078125
2022-04-07,14078.150390625,4500.2099609375,26888.5703125
2022-04-08,14283.669921875,4488.27978515625,26985.80078125
2022-04-11,14192.7802734375,4412.52978515625,26821.51953125
2022-04-12,14124.9501953125,4397.4501953125,26334.98046875
2022-04-13,14076.4404296875,4446.58984375,26843.490234375
2022-04-14,14163.849609375,4392.58984375,27172.0
2022-04-15,,,27093.189453125
2022-04-18,,4391.68994140625,26799.7109375
2022-04-19,14153.4599609375,4462.2099609375,26985.08984375
2022-04-20,14362.0302734375,4459.4501953125,27217.849609375
2022-04-21,14502.41015625,4393.66015625,27553.060546875
2022-04-22,14142.08984375,4271.77978515625,27105.259765625
2022-04-25,13924.169921875,4296.1201171875,26590.779296875
2022-04-26,13756.400390625,4175.2001953125,26700.109375
2022-04-27,13793.9404296875,4183.9599609375,26386.630859375
2022-04-28,13979.83984375,4287.5,26847.900390625
2022-04-29,14097.8798828125,4131.93017578125,
2022-05-02,13939.0703125,4155.3798828125,26818.529296875
2022-05-03,14039.4697265625,4175.47998046875,
2022-05-04,13970.8203125,4300.169921875,
2022-05-05,13902.51953125,4146.8701171875,
2022-05-06,13674.2900390625,4123.33984375,27003.560546875
2022-05-09,13380.669921875,3991.239990234375,26319.33984375
2022-05-10,13534.740234375,4001.050048828125,26167.099609375
2022-05-11,13828.6396484375,3935.179931640625,26213.640625
2022-05-12,13739.6396484375,3930.080078125,25748.720703125
2022-05-13,14027.9296875,4023.889892578125,26427.650390625
2022-05-16,13964.3798828125,4008.010009765625,26547.05078125
2022-05-17,14185.9404296875,4088.85009765625,26659.75
2022-05-18,14007.759765625,3923.679931640625,26911.19921875
2022-05-19,13882.2998046875,3900.7900390625,26402.83984375
2022-05-20,13981.91015625,3901.360107421875,26739.029296875
2022-05-23,14175.400390625,3973.75,27001.51953125
2022-05-24,13919.75,3941.47998046875,26748.140625
2022-05-25,14007.9296875,3978.72998046875,26677.80078125
2022-05-26,14231.2900390625,4057.840087890625,26604.83984375
2022-05-27,14462.1904296875,4158.240234375,26781.6796875
2022-05-30,14575.98046875,,27369.4296875
2022-05-31,14388.349609375,4132.14990234375,27279.80078125
2022-06-01,14340.4697265625,4101.22998046875,27457.890625
2022-06-02,14485.169921875,4176.81982421875,27413.880859375
2022-06-03,14460.08984375,4108.5400390625,27761.5703125
2022-06-06,14653.8095703125,4121.43017578125,27915.890625
2022-06-07,14556.6201171875,4160.68017578125,27943.94921875
2022-06-08,14445.990234375,4115.77001953125,28234.2890625
2022-06-09,14198.7998046875,4017.820068359375,28246.529296875
2022-06-10,13761.830078125,3900.860107421875,27824.2890625
2022-06-13,13427.0302734375,3749.6298828125,26987.439453125
2022-06-14,13304.3896484375,3735.47998046875,26629.859375
2022-06-15,13485.2900390625,3789.989990234375,26326.16015625
2022-06-16,13038.490234375,3666.77001953125,26431.19921875
2022-06-17,13126.259765625,3674.840087890625,25963.0
2022-06-20,13265.599609375,,25771.220703125
2022-06-21,13292.400390625,3764.7900390625,26246.310546875
2022-06-22,13144.2802734375,3759.889892578125,26149.55078125
2022-06-23,12912.58984375,3795.72998046875,26171.25
2022-06-24,13118.1298828125,3911.739990234375,26491.970703125
2022-06-27,13186.0703125,3900.110107421875,26871.26953125
2022-06-28,13231.8203125,3821.550048828125,27049.470703125
2022-06-29,13003.349609375,3818.830078125,26804.599609375
2022-06-30,12783.76953125,3785.3798828125,26393.0390625
2022-07-01,12813.0302734375,3825.330078125,25935.619140625
2022-07-04,12773.3798828125,,26153.810546875
2022-07-05,12401.2001953125,3831.389892578125,26423.470703125
2022-07-06,12594.51953125,3845.080078125,26107.650390625
2022-07-07,12843.2197265625,3902.6201171875,26490.529296875
2022-07-08,13015.23046875,3899.3798828125,26517.189453125
2022-07-11,12832.4404296875,3854.429931640625,26812.30078125
2022-07-12,12905.48046875,3818.800048828125,26336.66015625
2022-07-13,12756.3203125,3801.780029296875,26478.76953125
2022-07-14,12519.66015625,3790.3798828125,26643.390625
2022-07-15,12864.7197265625,3863.159912109375,26788.470703125
2022-07-18,12959.8095703125,3830.85009765625,
2022-07-19,13308.41015625,3936.68994140625,26961.6796875
2022-07-20,13281.98046875,3959.89990234375,27680.259765625
2022-07-21,13246.6396484375,3998.949951171875,27803.0
2022-07-22,13253.6796875,3961.6298828125,27914.66015625
2022-07-25,13210.3203125,3966.840087890625,27699.25
2022-07-26,13096.9296875,3921.050048828125,27655.2109375
2022-07-27,13166.3798828125,4023.610107421875,27715.75
2022-07-28,13282.1103515625,4072.429931640625,27815.48046875
2022-07-29,13484.0498046875,4130.2900390625,27801.640625
2022-08-01,13479.6298828125,4118.6298828125,27993.349609375
2022-08-02,13449.2001953125,4091.18994140625,27594.73046875
2022-08-03,13587.5595703125,4155.169921875,27741.900390625
2022-08-04,13662.6796875,4151.93994140625,27932.19921875
2022-08-05,13573.9296875,4145.18994140625,28175.869140625
2022-08-08,13687.6904296875,4140.06005859375,28249.240234375
2022-08-09,13534.9697265625,4122.47021484375,27999.9609375
2022-08-10,13700.9296875,4210.240234375,27819.330078125
2022-08-11,13694.509765625,4207.27001953125,
2022-08-12,13795.849609375,4280.14990234375,28546.98046875
2022-08-15,13816.6103515625,4297.14013671875,28871.779296875
2022-08-16,13910.1201171875,4305.2001953125,28868.91015625
2022-08-17,13626.7099609375,4274.0400390625,29222.76953125
2022-08-18,13697.41015625,4283.740234375,28942.140625
2022-08-19,13544.51953125,4228.47998046875,28930.330078125
2022-08-22,13230.5703125,4137.990234375,28794.5
2022-08-23,13194.23046875,4128.72998046875,28452.75
2022-08-24,13220.0595703125,4140.77001953125,28313.470703125
2022-08-25,13271.9599609375,4199.1201171875,28479.009765625
2022-08-26,12971.4697265625,4057.659912109375,28641.380859375
2022-08-29,12892.990234375,4030.610107421875,27878.9609375
2022-08-30,12961.1396484375,3986.159912109375,28195.580078125
2022-08-31,12834.9599609375,3955.0,28091.529296875
2022-09-01,12630.23046875,3966.85009765625,27661.470703125
2022-09-02,13050.26953125,3924.260009765625,27650.83984375
2022-09-05,12760.7802734375,,27619.609375
2022-09-06,12871.4404296875,3908.18994140625,27626.509765625
2022-09-07,12915.9697265625,3979.8701171875,27430.30078125
2022-09-08,12904.3203125,4006.179931640625,28065.279296875
2022-09-09,13088.2099609375,4067.360107421875,28214.75
2022-09-12,13402.26953125,4110.41015625,28542.109375
2022-09-13,13188.9501953125,3932.68994140625,28614.630859375
2022-09-14,13028.0,3946.010009765625,27818.619140625
2022-09-15,12956.66015625,3901.35009765625,27875.91015625
2022-09-16,12741.259765625,3873.330078125,27567.650390625
2022-09-19,12803.240234375,3899.889892578125,
2022-09-20,12670.830078125,3855.929931640625,27688.419921875
2022-09-21,12767.150390625,3789.929931640625,27313.130859375
2022-09-22,12531.6298828125,3757.989990234375,27153.830078125
2022-09-23,12284.1904296875,3693.22998046875,
2022-09-26,12227.919921875,3655.0400390625,26431.55078125
2022-09-27,12139.6796875,3647.2900390625,26571.869140625
2022-09-28,12183.2802734375,3719.0400390625,26173.98046875
2022-09-29,11975.5498046875,3640.469970703125,26422.05078125
2022-09-30,12114.3603515625,3585.6201171875,25937.2109375
2022-10-03,12209.48046875,3678.429931640625,26215.7890625
2022-10-04,12670.48046875,3790.929931640625,26992.2109375
2022-10-05,12517.1796875,3783.280029296875,27120.529296875
2022-10-06,12470.7802734375,3744.52001953125,27311.30078125
2022-10-07,12273.0,3639.659912109375,27116.109375
2022-10-10,12272.9404296875,3612.389892578125,
2022-10-11,12220.25,3588.840087890625,26401.25
2022-10-12,12172.259765625,3577.030029296875,26396.830078125
2022-10-13,12355.580078125,3669.909912109375,26237.419921875
2022-10-14,12437.8095703125,3583.070068359375,27090.759765625
2022-10-17,12649.0302734375,3677.949951171875,26775.7890625
2022-10-18,12765.6103515625,3719.97998046875,27156.140625
2022-10-19,12741.41015625,3695.159912109375,27257.380859375
2022-10-20,12767.41015625,3665.780029296875,27006.9609375
2022-10-21,12730.900390625,3752.75,26890.580078125
2022-10-24,12931.4501953125,3797.340087890625,26974.900390625
2022-10-25,13052.9599609375,3859.110107421875,27250.279296875
2022-10-26,13195.8095703125,3830.60009765625,27431.83984375
2022-10-27,13211.23046875,3807.300048828125,27345.240234375
2022-10-28,13243.330078125,3901.06005859375,27105.19921875
2022-10-31,13253.740234375,3871.97998046875,27587.4609375
2022-11-01,13338.740234375,3856.10009765625,27678.919921875
2022-11-02,13256.740234375,3759.68994140625,27663.390625
2022-11-03,13130.1904296875,3719.889892578125,
2022-11-04,13459.849609375,3770.550048828125,27199.740234375
2022-11-07,13533.51953125,3806.800048828125,27527.640625
2022-11-08,13688.75,3828.110107421875,27872.109375
2022-11-09,13666.3203125,3748.570068359375,27716.4296875
2022-11-10,14146.08984375,3956.3701171875,27446.099609375
2022-11-11,14224.8603515625,3992.929931640625,28263.5703125
2022-11-14,14313.2998046875,3957.25,27963.470703125
2022-11-15,14378.509765625,3991.72998046875,27990.169921875
2022-11-16,14234.0302734375,3958.7900390625,28028.30078125
2022-11-17,14266.3798828125,3946.56005859375,27930.5703125
2022-11-18,14431.8603515625,3965.340087890625,27899.76953125
2022-11-21,14379.9296875,3949.93994140625,27944.7890625
2022-11-22,14422.349609375,4003.580078125,28115.740234375
2022-11-23,14427.58984375,4027.260009765625,
2022-11-24,14539.5595703125,,28383.08984375
2022-11-25,14541.3798828125,4026.1201171875,28283.029296875
2022-11-28,14383.3603515625,3963.93994140625,28162.830078125
2022-11-29,14355.4501953125,3957.6298828125,28027.83984375
2022-11-30,14397.0400390625,4080.110107421875,27968.990234375
2022-12-01,14490.2998046875,4076.570068359375,28226.080078125
2022-12-02,14529.3896484375,4071.699951171875,27777.900390625
2022-12-05,14447.6103515625,3998.840087890625,27820.400390625
2022-12-06,14343.1904296875,3941.260009765625,27885.869140625
2022-12-07,14261.1904296875,3933.919921875,27686.400390625
2022-12-08,14264.5595703125,3963.510009765625,27574.4296875
2022-12-09,14370.7197265625,3934.3798828125,27901.009765625
2022-12-12,14306.6298828125,3990.56005859375,27842.330078125
2022-12-13,14497.8896484375,4019.64990234375,27954.849609375
2022-12-14,14460.2001953125,3995.320068359375,28156.2109375
2022-12-15,13986.23046875,3895.75,28051.69921875
2022-12-16,13893.0703125,3852.360107421875,27527.119140625
2022-12-19,13942.8701171875,3817.659912109375,27237.640625
2022-12-20,13884.66015625,3821.6201171875,26568.029296875
2022-12-21,14097.8203125,3878.43994140625,26387.720703125
2022-12-22,13914.0703125,3822.389892578125,26507.869140625
2022-12-23,13940.9296875,3844.820068359375,26235.25
2022-12-26,,,26405.869140625
2022-12-27,13995.099609375,3829.25,26447.869140625
2022-12-28,13925.599609375,3783.219970703125,26340.5
2022-12-29,14071.7197265625,3849.280029296875,26093.669921875
2022-12-30,13923.58984375,3839.5,26094.5
2023-01-02,14069.259765625,,
2023-01-03,14181.669921875,3824.139892578125,
2023-01-04,14490.7802734375,3852.969970703125,25716.859375
2023-01-05,14436.3095703125,3808.10009765625,25820.80078125
2023-01-06,14610.01953125,3895.080078125,25973.849609375
2023-01-09,14792.830078125,3892.090087890625,
2023-01-10,14774.599609375,3919.25,26175.560546875
2023-01-11,14947.91015625,3969.610107421875,26446.0
2023-01-12,15058.2998046875,3983.169921875,26449.8203125
2023-01-13,15086.51953125,3999.090087890625,26119.51953125
2023-01-16,15134.0400390625,,25822.3203125
2023-01-17,15187.0703125,3990.969970703125,26138.6796875
2023-01-18,15181.7998046875,3928.860107421875,26791.119140625
2023-01-19,14920.3603515625,3898.85009765625,26405.23046875
2023-01-20,15033.5595703125,3972.610107421875,26553.529296875
2023-01-23,15102.9501953125,4019.81005859375,26906.0390625
2023-01-24,15093.1103515625,4016.949951171875,27299.189453125
2023-01-25,15081.6396484375,4016.219970703125,27395.009765625
2023-01-26,15132.849609375,4060.429931640625,27362.75
2023-01-27,15150.0302734375,4070.56005859375,27382.560546875
2023-01-30,15126.080078125,4017.77001953125,27433.400390625
2023-01-31,15128.26953125,4076.60009765625,27327.109375
2023-02-01,15180.740234375,4119.2099609375,27346.880859375
2023-02-02,15509.1904296875,4179.759765625,27402.05078125
2023-02-03,15476.4296875,4136.47998046875,27509.4609375
2023-02-06,15345.91015625,4111.080078125,27693.650390625
2023-02-07,15320.8798828125,4164.0,27685.470703125
2023-02-08,15412.0498046875,4117.85986328125,27606.4609375
2023-02-09,15523.419921875,4081.5,27584.349609375
2023-02-10,15307.98046875,4090.4599609375,27670.98046875
2023-02-13,15397.33984375,4137.2900390625,27427.3203125
2023-02-14,15380.5595703125,4136.1298828125,27602.76953125
2023-02-15,15506.33984375,4147.60009765625,27501.859375
2023-02-16,15533.6396484375,4090.409912109375,27696.439453125
2023-02-17,15482.0,4079.090087890625,27513.130859375
2023-02-20,15477.5498046875,,27531.939453125
2023-02-21,15397.6201171875,3997.340087890625,27473.099609375
2023-02-22,15399.8896484375,3991.050048828125,27104.3203125
2023-02-23,15475.6904296875,4012.320068359375,
2023-02-24,15209.740234375,3970.0400390625,27453.48046875
2023-02-27,15381.4296875,3982.239990234375,27423.9609375
2023-02-28,15365.1396484375,3970.14990234375,27445.560546875
2023-03-01,15305.01953125,3951.389892578125,27516.529296875
2023-03-02,15327.6396484375,3981.35009765625,27498.869140625
2023-03-03,15578.3896484375,4045.639892578125,27927.470703125
2023-03-06,15653.580078125,4048.419921875,28237.779296875
2023-03-07,15559.5302734375,3986.3701171875,28309.16015625
2023-03-08,15631.8701171875,3992.010009765625,28444.189453125
2023-03-09,15633.2099609375,3918.320068359375,28623.150390625
2023-03-10,15427.9697265625,3861.590087890625,28143.970703125
2023-03-13,14959.4697265625,3855.760009765625,27832.9609375
2023-03-14,15232.830078125,3919.2900390625,27222.0390625
2023-03-15,14735.259765625,3891.929931640625,27229.48046875
2023-03-16,14967.099609375,3960.280029296875,27010.609375
2023-03-17,14768.2001953125,3916.639892578125,27333.7890625
2023-03-20,14933.3798828125,3951.570068359375,26945.669921875
2023-03-21,15195.33984375,4002.8701171875,
2023-03-22,15216.1904296875,3936.969970703125,27466.609375
2023-03-23,15210.3896484375,3948.719970703125,27419.609375
2023-03-24,14957.23046875,3970.989990234375,27385.25
2023-03-27,15127.6796875,3977.530029296875,27476.869140625
2023-03-28,15142.01953125,3971.27001953125,27518.25
2023-03-29,15328.7802734375,4027.81005859375,27883.779296875
2023-03-30,15522.400390625,4050.830078125,27782.9296875
2023-03-31,15628.83984375,4109.31005859375,28041.48046875
2023-04-03,15580.919921875,4124.509765625,28188.150390625
2023-04-04,15603.4697265625,4100.60009765625,28287.419921875
2023-04-05,15520.169921875,4090.3798828125,27813.259765625
2023-04-06,15597.8896484375,4105.02001953125,27472.630859375
2023-04-07,,,27518.310546875
2023-04-10,,4109.10986328125,27633.66015625
2023-04-11,15655.169921875,4108.93994140625,27923.369140625
2023-04-12,15703.599609375,4091.949951171875,28082.69921875
2023-04-13,15729.4599609375,4146.22021484375,28156.970703125
2023-04-14,15807.5,4137.64013671875,28493.470703125
2023-04-17,15789.5302734375,4151.31982421875,28514.779296875
2023-04-18,15882.669921875,4154.8701171875,28658.830078125
2023-04-19,15895.2001953125,4154.52001953125,28606.759765625
2023-04-20,15795.9697265625,4129.7900390625,28657.5703125
2023-04-21,15881.66015625,4133.52001953125,28564.369140625
2023-04-24,15863.9501953125,4137.0400390625,28593.51953125
2023-04-25,15872.1298828125,4071.6298828125,28620.0703125
2023-04-26,15795.73046875,4055.989990234375,28416.470703125
2023-04-27,15800.4501953125,4135.35009765625,28457.6796875
2023-04-28,15922.3798828125,4169.47998046875,28856.439453125
2023-05-01,,4167.8701171875,29123.1796875
2023-05-02,15726.9404296875,4119.580078125,29157.94921875
2023-05-03,15815.0595703125,4090.75,
2023-05-04,15734.240234375,4061.219970703125,
2023-05-05,15961.01953125,4136.25,
2023-05-08,15952.830078125,4138.1201171875,28949.880859375
2023-05-09,15955.48046875,4119.169921875,29242.8203125
2023-05-10,15896.23046875,4137.64013671875,29122.1796875
2023-05-11,15834.91015625,4130.6201171875,29126.720703125
2023-05-12,15913.8203125,4124.080078125,29388.30078125
2023-05-15,15917.240234375,4136.27978515625,29626.33984375
2023-05-16,15897.9296875,4109.89990234375,29842.990234375
2023-05-17,15951.2998046875,4158.77001953125,30093.58984375
2023-05-18,16163.3603515625,4198.0498046875,30573.9296875
2023-05-19,16275.3798828125,4191.97998046875,30808.349609375
2023-05-22,16223.990234375,4192.6298828125,31086.8203125
2023-05-23,16152.8603515625,4145.580078125,30957.76953125
2023-05-24,15842.1298828125,4115.240234375,30682.6796875
2023-05-25,15793.7998046875,4151.27978515625,30801.130859375
2023-05-26,15983.9697265625,4205.4501953125,30916.310546875
2023-05-29,15952.73046875,,31233.5390625
2023-05-30,15908.91015625,4205.52001953125,31328.16015625
2023-05-31,15664.01953125,4179.830078125,30887.880859375
2023-06-01,15853.66015625,4221.02001953125,31148.009765625
2023-06-02,16051.23046875,4282.3701171875,31524.220703125
2023-06-05,15963.8896484375,4273.7900390625,32217.4296875
2023-06-06,15992.4404296875,4283.85009765625,32506.779296875
2023-06-07,15960.5595703125,4267.52001953125,31913.740234375
2023-06-08,15989.9599609375,4293.93017578125,31641.26953125
2023-06-09,15949.83984375,4298.85986328125,32265.169921875
2023-06-12,16097.8701171875,4338.93017578125,32434.0
2023-06-13,16230.6796875,4369.009765625,33018.6484375
2023-06-14,16310.7900390625,4372.58984375,33502.421875
2023-06-15,16290.1201171875,4425.83984375,33485.48828125
2023-06-16,16357.6298828125,4409.58984375,33706.078125
2023-06-19,16201.2001953125,,33370.421875
2023-06-20,16111.3203125,4388.7099609375,33388.91015625
2023-06-21,16023.1298828125,4365.68994140625,33575.140625
2023-06-22,15988.16015625,4381.89013671875,33264.87890625
2023-06-23,15829.9404296875,4348.330078125,32781.5390625
2023-06-26,15813.0595703125,4328.81982421875,32698.810546875
2023-06-27,15846.8603515625,4378.41015625,32538.330078125
2023-06-28,15949.0,4376.85986328125,33193.98828125
2023-06-29,15946.7197265625,4396.43994140625,33234.140625
2023-06-30,16147.900390625,4450.3798828125,33189.0390625
2023-07-03,16081.0400390625,4455.58984375,33753.328125
2023-07-04,16039.169921875,,33422.51953125
2023-07-05,15937.580078125,4446.81982421875,33338.69921875
2023-07-06,15528.5400390625,4411.58984375,32773.01953125
2023-07-07,15603.400390625,4398.9501953125,32388.419921875
2023-07-10,15673.16015625,4409.52978515625,32189.73046875
2023-07-11,15790.33984375,4439.259765625,32203.5703125
2023-07-12,16023.0,4472.16015625,31943.9296875
2023-07-13,16141.0302734375,4510.0400390625,32419.330078125
2023-07-14,16105.0703125,4505.419921875,32391.259765625
2023-07-17,16068.650390625,4522.7900390625,
2023-07-18,16125.490234375,4554.97998046875,32493.890625
2023-07-19,16108.9296875,4565.72021484375,32896.03125
2023-07-20,16204.2197265625,4534.8701171875,32490.51953125
2023-07-21,16177.2197265625,4536.33984375,32304.25
2023-07-24,16190.9501953125,4554.64013671875,32700.939453125
2023-07-25,16211.58984375,4567.4599609375,32682.509765625
2023-07-26,16131.4599609375,4566.75,32668.33984375
2023-07-27,16406.029296875,4537.41015625,32891.16015625
2023-07-28,16469.75,4582.22998046875,32759.23046875
2023-07-31,16446.830078125,4588.9599609375,33172.21875
2023-08-01,16240.400390625,4576.72998046875,33476.578125
2023-08-02,16020.01953125,4513.39013671875,32707.689453125
2023-08-03,15893.3798828125,4501.89013671875,32159.279296875
2023-08-04,15951.8603515625,4478.02978515625,32192.75
2023-08-07,15950.759765625,4518.43994140625,32254.560546875
2023-08-08,15774.9296875,4499.3798828125,32377.2890625
2023-08-09,15852.580078125,4467.7099609375,32204.330078125
2023-08-10,15996.51953125,4468.830078125,32473.650390625
2023-08-11,15832.169921875,4464.0498046875,
2023-08-14,15904.25,4489.72021484375,32059.91015625
2023-08-15,15767.2802734375,4437.85986328125,32238.890625
2023-08-16,15789.4501953125,4404.330078125,31766.8203125
2023-08-17,15676.900390625,4370.35986328125,31626.0
2023-08-18,15574.259765625,4369.7099609375,31450.759765625
2023-08-21,15603.2802734375,4399.77001953125,31565.640625
2023-08-22,15705.6201171875,4387.5498046875,31856.7109375
2023-08-23,15728.41015625,4436.009765625,32010.259765625
2023-08-24,15621.490234375,4376.31005859375,32287.2109375
2023-08-25,15631.8203125,4405.7099609375,31624.279296875
2023-08-28,15792.6103515625,4433.31005859375,32169.990234375
2023-08-29,15930.8798828125,4497.6298828125,32226.970703125
2023-08-30,15891.9296875,4514.8701171875,32333.4609375
2023-08-31,15947.080078125,4507.66015625,32619.33984375
2023-09-01,15840.33984375,4515.77001953125,32710.619140625
2023-09-04,15824.849609375,,32939.1796875
2023-09-05,15771.7099609375,4496.830078125,33036.76171875
2023-09-06,15741.3701171875,4465.47998046875,33241.01953125
2023-09-07,15718.66015625,4451.14013671875,32991.078125
2023-09-08,15740.2998046875,4457.490234375,32606.83984375
2023-09-11,15800.990234375,4487.4599609375,32467.759765625
2023-09-12,15715.5302734375,4461.89990234375,32776.37109375
2023-09-13,15654.0302734375,4467.43994140625,32706.51953125
2023-09-14,15805.2900390625,4505.10009765625,33168.1015625
2023-09-15,15893.5302734375,4450.31982421875,33533.08984375
2023-09-18,15727.1201171875,4453.52978515625,
2023-09-19,15664.48046875,4443.9501953125,33242.58984375
2023-09-20,15781.58984375,4402.2001953125,33023.78125
2023-09-21,15571.8603515625,4330.0,32571.029296875
2023-09-22,15557.2900390625,4320.06005859375,32402.41015625
2023-09-25,15405.490234375,4337.43994140625,32678.619140625
2023-09-26,15255.8701171875,4273.52978515625,32315.05078125
2023-09-27,15217.4501953125,4274.509765625,32371.900390625
2023-09-28,15323.5,4299.7001953125,31872.51953125
2023-09-29,15386.580078125,4288.0498046875,31857.619140625
2023-10-02,15247.2099609375,4288.39013671875,31759.880859375
2023-10-03,15085.2099609375,4229.4501953125,31237.939453125
2023-10-04,15099.919921875,4263.75,30526.880859375
2023-10-05,15070.2197265625,4258.18994140625,31075.359375
2023-10-06,15229.76953125,4308.5,30994.669921875
2023-10-09,15128.1103515625,4335.66015625,
2023-10-10,15423.51953125,4358.240234375,31746.529296875
2023-10-11,15460.009765625,4376.9501953125,31936.509765625
2023-10-12,15425.0302734375,4349.60986328125,32494.66015625
2023-10-13,15186.66015625,4327.77978515625,32315.990234375
2023-10-16,15237.990234375,4373.6298828125,31659.029296875
2023-10-17,15251.6904296875,4373.2001953125,32040.2890625
2023-10-18,15094.91015625,4314.60009765625,32042.25
2023-10-19,15045.23046875,4278.0,31430.619140625
2023-10-20,14798.4697265625,4224.16015625,31259.359375
2023-10-23,14800.7197265625,4217.0400390625,30999.55078125
2023-10-24,14879.9404296875,4247.68017578125,31062.349609375
2023-10-25,14892.1796875,4186.77001953125,31269.919921875
2023-10-26,14731.0498046875,4137.22998046875,30601.779296875
2023-10-27,14687.41015625,4117.3701171875,30991.689453125
2023-10-30,14716.5400390625,4166.81982421875,30696.9609375
2023-10-31,14810.33984375,4193.7998046875,30858.849609375
2023-11-01,14923.26953125,4237.85986328125,31601.650390625
2023-11-02,15143.599609375,4317.77978515625,31949.890625
2023-11-03,15189.25,4358.33984375,
2023-11-06,15135.9697265625,4365.97998046875,32708.48046875
2023-11-07,15152.6396484375,4378.3798828125,32271.8203125
2023-11-08,15229.599609375,4382.77978515625,32166.48046875
2023-11-09,15352.5400390625,4347.35009765625,32646.4609375
2023-11-10,15234.3896484375,4415.240234375,32568.109375
2023-11-13,15345.0,4411.5498046875,32585.109375
2023-11-14,15614.4296875,4495.7001953125,32695.9296875
2023-11-15,15748.169921875,4502.8798828125,33519.69921875
2023-11-16,15786.6103515625,4508.240234375,33424.41015625
2023-11-17,15919.16015625,4514.02001953125,33585.19921875
2023-11-20,15901.330078125,4547.3798828125,33388.03125
2023-11-21,15900.5302734375,4538.18994140625,33354.140625
2023-11-22,15957.8203125,4556.6201171875,33451.828125
2023-11-23,15994.73046875,,
2023-11-24,16029.490234375,4559.33984375,33625.53125
2023-11-27,15966.3701171875,4550.43017578125,33447.671875
2023-11-28,15992.669921875,4554.89013671875,33408.390625
2023-11-29,16166.4501953125,4550.580078125,33321.21875
2023-11-30,16215.4296875,4567.7998046875,33486.890625
2023-12-01,16397.51953125,4594.6298828125,33431.51171875
2023-12-04,16404.759765625,4569.77978515625,33231.26953125
2023-12-05,16533.109375,4567.18017578125,32775.8203125
2023-12-06,16656.439453125,4549.33984375,33445.8984375
2023-12-07,16628.990234375,4585.58984375,32858.30859375
2023-12-08,16759.220703125,4604.3701171875,32307.859375
2023-12-11,16794.4296875,4622.43994140625,32791.80078125
2023-12-12,16791.740234375,4643.7001953125,32843.69921875
2023-12-13,16766.05078125,4707.08984375,32926.3515625
2023-12-14,16752.23046875,4719.5498046875,32686.25
2023-12-15,16751.439453125,4719.18994140625,32970.55078125
2023-12-18,16650.55078125,4740.56005859375,32758.98046875
2023-12-19,16744.41015625,4768.3701171875,33219.390625
2023-12-20,16733.05078125,4698.35009765625,33675.94140625
2023-12-21,16687.419921875,4746.75,33140.46875
2023-12-22,16706.1796875,4754.6298828125,33169.05078125
2023-12-25,,,33254.03125
2023-12-26,,4774.75,33305.8515625
2023-12-27,16742.0703125,4781.580078125,33681.23828125
2023-12-28,16701.55078125,4783.35009765625,33539.62109375
2023-12-29,16751.640625,4769.830078125,33464.171875
2024-01-02,16769.359375,4742.830078125,
2024-01-03,16538.390625,4704.81005859375,
2024-01-04,16617.2890625,4688.68017578125,33288.2890625
2024-01-05,16594.2109375,4697.240234375,33377.421875
2024-01-08,16716.470703125,4763.5400390625,
2024-01-09,16688.359375,4756.5,33763.1796875
2024-01-10,16689.810546875,4783.4501953125,34441.71875
2024-01-11,16547.029296875,4780.240234375,35049.859375
2024-01-12,16704.560546875,4783.830078125,35577.109375
2024-01-15,16622.220703125,,35901.7890625
2024-01-16,16571.6796875,4765.97998046875,35619.1796875
2024-01-17,16431.689453125,4739.2099609375,35477.75
2024-01-18,16567.349609375,4780.93994140625,35466.171875
2024-01-19,16555.130859375,4839.81005859375,35963.26953125
2024-01-22,16683.359375,4850.43017578125,36546.94921875
2024-01-23,16627.08984375,4864.60009765625,36517.5703125
2024-01-24,16889.919921875,4868.5498046875,36226.48046875
2024-01-25,16906.919921875,4894.16015625,36236.46875
2024-01-26,16961.390625,4890.97021484375,35751.0703125
2024-01-29,16941.7109375,4927.93017578125,36026.94140625
2024-01-30,16972.33984375,4924.97021484375,36065.859375
2024-01-31,16903.759765625,4845.64990234375,36286.7109375
2024-02-01,16859.0390625,4906.18994140625,36011.4609375
2024-02-02,16918.2109375,4958.60986328125,36158.01953125
2024-02-05,16904.060546875,4942.81005859375,36354.16015625
2024-02-06,17033.240234375,4954.22998046875,36160.66015625
2024-02-07,16921.9609375,4995.06005859375,36119.921875
2024-02-08,16963.830078125,4997.91015625,36863.28125
2024-02-09,16926.5,5026.60986328125,36897.421875
2024-02-12,17037.349609375,5021.83984375,
2024-02-13,16880.830078125,4953.169921875,37963.96875
2024-02-14,16945.48046875,5000.6201171875,37703.3203125
2024-02-15,17046.689453125,5029.72998046875,38157.94140625
2024-02-16,17117.439453125,5005.56982421875,38487.23828125
2024-02-19,17092.259765625,,38470.37890625
2024-02-20,17068.4296875,4975.509765625,38363.609375
2024-02-21,17118.119140625,4981.7998046875,38262.16015625
2024-02-22,17370.44921875,5087.02978515625,39098.6796875
2024-02-23,17419.330078125,5088.7998046875,
2024-02-26,17423.23046875,5069.52978515625,39233.7109375
2024-02-27,17556.490234375,5078.18017578125,39239.51953125
2024-02-28,17601.220703125,5069.759765625,39208.03125
2024-02-29,17678.189453125,5096.27001953125,39166.19140625
2024-03-01,17735.0703125,5137.080078125,39910.8203125
2024-03-04,17716.169921875,5130.9501953125,40109.23046875
2024-03-05,17698.400390625,5078.64990234375,40097.62890625
2024-03-06,17716.7109375,5104.759765625,40090.78125
2024-03-07,17842.849609375,5157.35986328125,39598.7109375
2024-03-08,17814.509765625,5123.68994140625,39688.94140625
2024-03-11,17746.26953125,5117.93994140625,38820.48828125
2024-03-12,17965.109375,5175.27001953125,38797.51171875
2024-03-13,17961.380859375,5165.31005859375,38695.96875
2024-03-14,17942.0390625,5150.47998046875,38807.37890625
2024-03-15,17936.650390625,5117.08984375,38707.640625
2024-03-18,17932.6796875,5149.419921875,39740.44140625
2024-03-19,17987.490234375,5178.509765625,40003.6015625
2024-03-20,18015.130859375,5224.6201171875,
2024-03-21,18179.25,5241.52978515625,40815.66015625
2024-03-22,18205.939453125,5234.18017578125,40888.4296875
2024-03-25,18261.310546875,5218.18994140625,40414.12109375
2024-03-26,18384.349609375,5203.580078125,40398.03125
2024-03-27,18477.08984375,5248.490234375,40762.73046875
2024-03-28,18492.490234375,5254.35009765625,40168.0703125
2024-03-29,,,40369.44140625
2024-04-01,,5243.77001953125,39803.08984375
2024-04-02,18283.130859375,5205.81005859375,39838.91015625
2024-04-03,18367.720703125,5211.490234375,39451.8515625
2024-04-04,18403.130859375,5147.2099609375,39773.140625
2024-04-05,18175.0390625,5204.33984375,38992.078125
2024-04-08,18318.970703125,5202.39013671875,39347.0390625
2024-04-09,18076.689453125,5209.91015625,39773.12890625
2024-04-10,18097.30078125,5160.64013671875,39581.80859375
2024-04-11,17954.48046875,5199.06005859375,39442.62890625
2024-04-12,17930.3203125,5123.41015625,39523.55078125
2024-04-15,18026.580078125,5061.81982421875,39232.80078125
2024-04-16,17766.23046875,5051.41015625,38471.19921875
2024-04-17,17770.01953125,5022.2099609375,37961.80078125
2024-04-18,17837.400390625,5011.1201171875,38079.69921875
2024-04-19,17737.359375,4967.22998046875,37068.3515625
2024-04-22,17860.80078125,5010.60009765625,37438.609375
2024-04-23,18137.650390625,5070.5498046875,37552.16015625
2024-04-24,18088.69921875,5071.6298828125,38460.078125
2024-04-25,17917.279296875,5048.419921875,37628.48046875
2024-04-26,18161.009765625,5099.9599609375,37934.76171875
2024-04-29,18118.3203125,5116.169921875,
2024-04-30,17932.169921875,5035.68994140625,38405.66015625
2024-05-01,,5018.39013671875,38274.05078125
2024-05-02,17896.5,5064.2001953125,38236.0703125
2024-05-03,18001.599609375,5127.7900390625,
2024-05-06,18175.2109375,5180.740234375,
2024-05-07,18430.05078125,5187.7001953125,38835.1015625
2024-05-08,18498.380859375,5187.669921875,38202.37109375
2024-05-09,18686.599609375,5214.080078125,38073.98046875
2024-05-10,18772.849609375,5222.68017578125,38229.109375
2024-05-13,18742.220703125,5221.419921875,38179.4609375
2024-05-14,18716.419921875,5246.68017578125,38356.05859375
2024-05-15,18869.359375,5308.14990234375,38385.73046875
2024-05-16,18738.810546875,5297.10009765625,38920.26171875
2024-05-17,18704.419921875,5303.27001953125,38787.37890625
2024-05-20,18768.9609375,5308.1298828125,39069.6796875
2024-05-21,18726.759765625,5321.41015625,38946.9296875
2024-05-22,18680.19921875,5307.009765625,38617.1015625
2024-05-23,18691.3203125,5267.83984375,39103.21875
2024-05-24,18693.369140625,5304.72021484375,38646.109375
2024-05-27,18774.7109375,,38900.01953125
2024-05-28,18677.869140625,5306.0400390625,38855.37109375
2024-05-29,18473.2890625,5266.9501953125,38556.87109375
2024-05-30,18496.7890625,5235.47998046875,38054.12890625
2024-05-31,18497.939453125,5277.509765625,38487.8984375
2024-06-03,18608.16015625,5283.39990234375,38923.03125
2024-06-04,18405.640625,5291.33984375,38837.4609375
2024-06-05,18575.939453125,5354.02978515625,38490.171875
2024-06-06,18652.669921875,5352.9599609375,38703.51171875
2024-06-07,18557.26953125,5346.990234375,38683.9296875
2024-06-10,18494.890625,5360.7900390625,39038.16015625
2024-06-11,18369.939453125,5375.31982421875,39134.7890625
2024-06-12,18630.859375,5421.02978515625,38876.7109375
2024-06-13,18265.6796875,5433.740234375,38720.46875
2024-06-14,18002.01953125,5431.60009765625,38814.55859375
2024-06-17,18068.2109375,5473.22998046875,38102.44140625
2024-06-18,18131.970703125,5487.02978515625,38482.109375
2024-06-19,18067.91015625,,38570.76171875
2024-06-20,18254.1796875,5473.169921875,38633.01953125
2024-06-21,18163.51953125,5464.6201171875,38596.46875
2024-06-24,18325.580078125,5447.8701171875,38804.6484375
2024-06-25,18177.619140625,5469.2998046875,39173.1484375
2024-06-26,18155.240234375,5477.89990234375,39667.0703125
2024-06-27,18210.55078125,5482.8701171875,39341.5390625
2024-06-28,18235.44921875,5460.47998046875,39583.078125
2024-07-01,18290.66015625,5475.08984375,39631.05859375
2024-07-02,18164.060546875,5509.009765625,40074.69140625
2024-07-03,18374.529296875,5537.02001953125,40580.76171875
2024-07-04,18450.48046875,,40913.6484375
2024-07-05,18475.44921875,5567.18994140625,40912.37109375
2024-07-08,18472.05078125,5572.85009765625,40780.69921875
2024-07-09,18236.189453125,5576.97998046875,41580.171875
2024-07-10,18407.220703125,5633.91015625,41831.98828125
2024-07-11,18534.560546875,5584.5400390625,42224.01953125
2024-07-12,18748.1796875,5615.35009765625,41190.6796875
2024-07-15,18590.890625,5631.22021484375,
2024-07-16,18518.029296875,5667.2001953125,41275.078125
2024-07-17,18437.30078125,5588.27001953125,41097.69140625
2024-07-18,18354.759765625,5544.58984375,40126.3515625
2024-07-19,18171.9296875,5505.0,40063.7890625
2024-07-22,18407.0703125,5564.41015625,39599.0
2024-07-23,18557.69921875,5555.740234375,39594.390625
2024-07-24,18387.4609375,5427.1298828125,39154.8515625
2024-07-25,18298.720703125,5399.22021484375,37869.51171875
2024-07-26,18417.55078125,5459.10009765625,37667.41015625
2024-07-29,18320.669921875,5463.5400390625,38468.62890625
2024-07-30,18411.1796875,5436.43994140625,38525.94921875
2024-07-31,18508.650390625,5522.2998046875,39101.8203125
2024-08-01,18083.05078125,5446.68017578125,38126.328125
2024-08-02,17661.220703125,5346.56005859375,35909.69921875
2024-08-05,17339.0,5186.330078125,31458.419921875
2024-08-06,17354.3203125,5240.02978515625,34675.4609375
2024-08-07,17615.150390625,5199.5,35089.62109375
2024-08-08,17680.400390625,5319.31005859375,34831.1484375
2024-08-09,17722.880859375,5344.16015625,35025.0
2024-08-12,17726.470703125,5344.39013671875,
2024-08-13,17812.05078125,5434.43017578125,36232.51171875
2024-08-14,17885.599609375,5455.2099609375,36442.4296875
2024-08-15,18183.240234375,5543.22021484375,36726.640625
2024-08-16,18322.400390625,5554.25,38062.671875
2024-08-19,18421.689453125,5608.25,37388.62109375
2024-08-20,18357.51953125,5597.1201171875,38062.921875
2024-08-21,18448.94921875,5620.85009765625,37951.80078125
2024-08-22,18493.390625,5570.64013671875,38211.01171875
2024-08-23,18633.099609375,5634.60986328125,38364.26953125
2024-08-26,18617.01953125,5616.83984375,38110.21875
2024-08-27,18681.810546875,5625.7998046875,38288.62109375
2024-08-28,18782.2890625,5592.18017578125,38371.76171875
2024-08-29,18912.5703125,5591.9599609375,38362.53125
2024-08-30,18906.919921875,5648.39990234375,38647.75
2024-09-02,18930.849609375,,38700.87109375
2024-09-03,18747.109375,5528.93017578125,38686.30859375
2024-09-04,18591.849609375,5520.06982421875,37047.609375
2024-09-05,18576.5,5503.41015625,36657.08984375
2024-09-06,18301.900390625,5408.419921875,36391.46875
2024-09-09,18443.560546875,5471.0498046875,36215.75
2024-09-10,18265.919921875,5495.52001953125,36159.16015625
2024-09-11,18330.26953125,5554.1298828125,35619.76953125
2024-09-12,18518.390625,5595.759765625,36833.26953125
2024-09-13,18699.400390625,5626.02001953125,36581.76171875
2024-09-16,18633.109375,5633.08984375,
2024-09-17,18726.080078125,5634.580078125,36203.21875
2024-09-18,18711.490234375,5618.259765625,36380.171875
2024-09-19,19002.380859375,5713.64013671875,37155.328125
2024-09-20,18720.009765625,5702.5498046875,37723.91015625
2024-09-23,18846.7890625,5718.56982421875,
2024-09-24,18996.630859375,5732.93017578125,37940.58984375
2024-09-25,18918.5,5722.259765625,37870.26171875
2024-09-26,19238.359375,5745.3701171875,38925.62890625
2024-09-27,19473.630859375,5738.169921875,39829.55859375
2024-09-30,19324.9296875,5762.47998046875,37919.55078125
2024-10-01,19213.140625,5708.75,38651.96875
2024-10-02,19164.75,5709.5400390625,37808.76171875
2024-10-03,19015.41015625,5699.93994140625,38552.05859375
2024-10-04,19120.9296875,5751.06982421875,38635.62109375
2024-10-07,19104.099609375,5695.93994140625,39332.73828125
2024-10-08,19066.470703125,5751.1298828125,38937.5390625
2024-10-09,19254.9296875,5792.0400390625,39277.9609375
2024-10-10,19210.900390625,5780.0498046875,39380.890625
2024-10-11,19373.830078125,5815.02978515625,39605.80078125
2024-10-14,19508.2890625,5859.85009765625,
2024-10-15,19486.189453125,5815.259765625,39910.55078125
2024-10-16,19432.810546875,5842.47021484375,39180.30078125
2024-10-17,19583.390625,5841.47021484375,38911.19140625
2024-10-18,19657.369140625,5864.669921875,38981.75
2024-10-21,19461.189453125,5853.97998046875,38954.6015625
2024-10-22,19421.91015625,5851.2001953125,38411.9609375
2024-10-23,19377.619140625,5797.419921875,38104.859375
2024-10-24,19443.0,5809.85986328125,38143.2890625
2024-10-25,19463.58984375,5808.1201171875,37913.921875
2024-10-28,19531.619140625,5823.52001953125,38605.53125
2024-10-29,19478.0703125,5832.919921875,38903.6796875
2024-10-30,19257.33984375,5813.669921875,39277.390625
2024-10-31,19077.5390625,5705.4501953125,39081.25
2024-11-01,19254.970703125,5728.7998046875,38053.671875
2024-11-04,19147.849609375,5712.68994140625,
2024-11-05,19256.26953125,5782.759765625,38474.8984375
2024-11-06,19039.310546875,5929.0400390625,39480.671875
2024-11-07,19362.51953125,5973.10009765625,39381.41015625
2024-11-08,19215.48046875,5995.5400390625,39500.37109375
2024-11-11,19448.599609375,6001.35009765625,39533.3203125
2024-11-12,19033.640625,5983.990234375,39376.08984375
2024-11-13,19003.109375,5985.3798828125,38721.66015625
2024-11-14,19263.69921875,5949.169921875,38535.69921875
2024-11-15,19210.810546875,5870.6201171875,38642.91015625
2024-11-18,19189.189453125,5893.6201171875,38220.8515625
2024-11-19,19060.310546875,5916.97998046875,38414.4296875
2024-11-20,19004.779296875,5917.10986328125,38352.33984375
2024-11-21,19146.169921875,5948.7099609375,38026.171875
2024-11-22,19322.58984375,5969.33984375,38283.8515625
2024-11-25,19405.19921875,5987.3701171875,38780.140625
2024-11-26,19295.98046875,6021.6298828125,38442.0
2024-11-27,19261.75,5998.740234375,38134.96875
2024-11-28,19425.73046875,,38349.05859375
2024-11-29,19626.44921875,6032.3798828125,38208.03125
2024-12-02,19933.619140625,6047.14990234375,38513.01953125
2024-12-03,20016.75,6049.8798828125,39248.859375
2024-12-04,20232.140625,6086.490234375,39276.390625
2024-12-05,20358.80078125,6075.10986328125,39395.6015625
2024-12-06,20384.609375,6090.27001953125,39091.171875
2024-12-09,20345.9609375,6052.85009765625,39160.5
2024-12-10,20329.16015625,6034.91015625,39367.578125
2024-12-11,20399.16015625,6084.18994140625,39372.23046875
2024-12-12,20426.26953125,6051.25,39849.140625
2024-12-13,20405.919921875,6051.08984375,39470.44140625
2024-12-16,20313.810546875,6074.080078125,39457.48828125
2024-12-17,20246.369140625,6050.60986328125,39364.6796875
2024-12-18,20242.5703125,5872.16015625,39081.7109375
2024-12-19,19969.859375,5867.080078125,38813.578125
2024-12-20,19884.75,5930.85009765625,38701.8984375
